measurement,values,unix_timestamp
Temp,40,1607813708
Heart,69,1607813708
Acceleration,31,1607813708
Temp,30,1607813718
Heart,75,1607813718
Acceleration,29,1607813718
Temp,30,1607813728
Heart,76,1607813728
Acceleration,57,1607813728
Temp,28,1607813738
Heart,85,1607813738
Acceleration,19,1607813738
Temp,38,1607813748
Heart,75,1607813748
Acceleration,57,1607813748
Temp,32,1607813758
Heart,67,1607813758
Acceleration,28,1607813758
Temp,41,1607813768
Heart,93,1607813768
Acceleration,41,1607813768
Temp,27,1607813778
Heart,63,1607813778
Acceleration,16,1607813778
Temp,39,1607813788
Heart,93,1607813788
Acceleration,56,1607813788
Temp,31,1607813798
Heart,101,1607813798
Acceleration,53,1607813798
Temp,35,1607813808
Heart,70,1607813808
Acceleration,56,1607813808
Temp,37,1607813818
Heart,85,1607813818
Acceleration,42,1607813818
Temp,37,1607813828
Heart,73,1607813828
Acceleration,53,1607813828
Temp,36,1607813838
Heart,75,1607813838
Acceleration,52,1607813838
Temp,33,1607813848
Heart,61,1607813848
Acceleration,42,1607813848
Temp,35,1607813858
Heart,90,1607813858
Acceleration,40,1607813858
Temp,31,1607813868
Heart,64,1607813868
Acceleration,49,1607813868
Temp,40,1607813878
Heart,63,1607813878
Acceleration,30,1607813878
Temp,32,1607813888
Heart,97,1607813888
Acceleration,36,1607813888
Temp,34,1607813898
Heart,98,1607813898
Acceleration,35,1607813898
Temp,26,1607813908
Heart,85,1607813908
Acceleration,40,1607813908
Temp,32,1607813918
Heart,91,1607813918
Acceleration,60,1607813918
Temp,29,1607813928
Heart,64,1607813928
Acceleration,50,1607813928
Temp,40,1607813938
Heart,71,1607813938
Acceleration,17,1607813938
Temp,32,1607813948
Heart,71,1607813948
Acceleration,47,1607813948
Temp,39,1607813958
Heart,80,1607813958
Acceleration,47,1607813958
Temp,39,1607813968
Heart,90,1607813968
Acceleration,57,1607813968
Temp,38,1607813978
Heart,101,1607813978
Acceleration,36,1607813978
Temp,36,1607813988
Heart,76,1607813988
Acceleration,58,1607813988
Temp,40,1607813998
Heart,71,1607813998
Acceleration,56,1607813998
Temp,33,1607814008
Heart,101,1607814008
Acceleration,37,1607814008
Temp,34,1607814018
Heart,71,1607814018
Acceleration,56,1607814018
Temp,40,1607814028
Heart,93,1607814028
Acceleration,49,1607814028
Temp,28,1607814038
Heart,77,1607814038
Acceleration,49,1607814038
Temp,40,1607814048
Heart,90,1607814048
Acceleration,26,1607814048
Temp,33,1607814058
Heart,100,1607814058
Acceleration,56,1607814058
Temp,28,1607814068
Heart,90,1607814068
Acceleration,28,1607814068
Temp,34,1607814078
Heart,70,1607814078
Acceleration,31,1607814078
Temp,33,1607814088
Heart,89,1607814088
Acceleration,51,1607814088
Temp,32,1607814098
Heart,72,1607814098
Acceleration,33,1607814098
Temp,39,1607814108
Heart,76,1607814108
Acceleration,18,1607814108
Temp,30,1607814118
Heart,76,1607814118
Acceleration,22,1607814118
Temp,29,1607814128
Heart,97,1607814128
Acceleration,50,1607814128
Temp,40,1607814138
Heart,98,1607814138
Acceleration,13,1607814138
Temp,27,1607814148
Heart,81,1607814148
Acceleration,49,1607814148
Temp,40,1607814158
Heart,70,1607814158
Acceleration,21,1607814158
Temp,38,1607814168
Heart,62,1607814168
Acceleration,29,1607814168
Temp,35,1607814178
Heart,75,1607814178
Acceleration,12,1607814178
Temp,36,1607814188
Heart,63,1607814188
Acceleration,47,1607814188
Temp,32,1607814198
Heart,76,1607814198
Acceleration,49,1607814198
Temp,29,1607814208
Heart,63,1607814208
Acceleration,32,1607814208
Temp,28,1607814218
Heart,67,1607814218
Acceleration,50,1607814218
Temp,25,1607814228
Heart,99,1607814228
Acceleration,50,1607814228
Temp,35,1607814238
Heart,91,1607814238
Acceleration,61,1607814238
Temp,32,1607814248
Heart,83,1607814248
Acceleration,60,1607814248
Temp,40,1607814258
Heart,93,1607814258
Acceleration,52,1607814258
Temp,36,1607814268
Heart,99,1607814268
Acceleration,43,1607814268
Temp,37,1607814278
Heart,62,1607814278
Acceleration,18,1607814278
Temp,32,1607814288
Heart,72,1607814288
Acceleration,26,1607814288
Temp,33,1607814298
Heart,98,1607814298
Acceleration,55,1607814298
Temp,34,1607814308
Heart,98,1607814308
Acceleration,47,1607814308
Temp,36,1607814318
Heart,60,1607814318
Acceleration,38,1607814318
Temp,35,1607814328
Heart,89,1607814328
Acceleration,40,1607814328
Temp,29,1607814338
Heart,99,1607814338
Acceleration,50,1607814338
Temp,40,1607814348
Heart,92,1607814348
Acceleration,45,1607814348
Temp,36,1607814358
Heart,68,1607814358
Acceleration,33,1607814358
Temp,35,1607814368
Heart,82,1607814368
Acceleration,54,1607814368
Temp,26,1607814378
Heart,71,1607814378
Acceleration,52,1607814378
Temp,31,1607814388
Heart,92,1607814388
Acceleration,36,1607814388
Temp,29,1607814398
Heart,84,1607814398
Acceleration,16,1607814398
Temp,27,1607814408
Heart,66,1607814408
Acceleration,49,1607814408
Temp,36,1607814418
Heart,75,1607814418
Acceleration,37,1607814418
Temp,30,1607814428
Heart,96,1607814428
Acceleration,54,1607814428
Temp,38,1607814438
Heart,70,1607814438
Acceleration,29,1607814438
Temp,39,1607814448
Heart,84,1607814448
Acceleration,49,1607814448
Temp,37,1607814458
Heart,71,1607814458
Acceleration,40,1607814458
Temp,41,1607814468
Heart,86,1607814468
Acceleration,46,1607814468
Temp,40,1607814478
Heart,62,1607814478
Acceleration,38,1607814478
Temp,34,1607814488
Heart,98,1607814488
Acceleration,30,1607814488
Temp,35,1607814498
Heart,93,1607814498
Acceleration,29,1607814498
Temp,30,1607814508
Heart,85,1607814508
Acceleration,11,1607814508
Temp,30,1607814518
Heart,76,1607814518
Acceleration,52,1607814518
Temp,26,1607814528
Heart,88,1607814528
Acceleration,36,1607814528
Temp,30,1607814538
Heart,70,1607814538
Acceleration,51,1607814538
Temp,37,1607814548
Heart,83,1607814548
Acceleration,40,1607814548
Temp,38,1607814558
Heart,86,1607814558
Acceleration,60,1607814558
Temp,32,1607814568
Heart,76,1607814568
Acceleration,28,1607814568
Temp,36,1607814578
Heart,79,1607814578
Acceleration,21,1607814578
Temp,27,1607814588
Heart,85,1607814588
Acceleration,19,1607814588
Temp,40,1607814598
Heart,62,1607814598
Acceleration,21,1607814598
Temp,34,1607814608
Heart,100,1607814608
Acceleration,32,1607814608
Temp,34,1607814618
Heart,84,1607814618
Acceleration,22,1607814618
Temp,28,1607814628
Heart,74,1607814628
Acceleration,37,1607814628
Temp,33,1607814638
Heart,99,1607814638
Acceleration,21,1607814638
Temp,39,1607814648
Heart,65,1607814648
Acceleration,21,1607814648
Temp,29,1607814658
Heart,98,1607814658
Acceleration,27,1607814658
Temp,31,1607814668
Heart,83,1607814668
Acceleration,12,1607814668
Temp,36,1607814678
Heart,87,1607814678
Acceleration,58,1607814678
Temp,28,1607814688
Heart,94,1607814688
Acceleration,47,1607814688
Temp,30,1607814698
Heart,97,1607814698
Acceleration,30,1607814698
Temp,34,1607814708
Heart,72,1607814708
Acceleration,29,1607814708
Temp,36,1607814718
Heart,95,1607814718
Acceleration,13,1607814718
Temp,41,1607814728
Heart,75,1607814728
Acceleration,26,1607814728
Temp,30,1607814738
Heart,61,1607814738
Acceleration,16,1607814738
Temp,28,1607814748
Heart,92,1607814748
Acceleration,20,1607814748
Temp,27,1607814758
Heart,63,1607814758
Acceleration,39,1607814758
Temp,32,1607814768
Heart,85,1607814768
Acceleration,27,1607814768
Temp,35,1607814778
Heart,75,1607814778
Acceleration,12,1607814778
Temp,26,1607814788
Heart,62,1607814788
Acceleration,29,1607814788
Temp,29,1607814798
Heart,92,1607814798
Acceleration,38,1607814798
Temp,32,1607814808
Heart,83,1607814808
Acceleration,43,1607814808
Temp,28,1607814818
Heart,78,1607814818
Acceleration,28,1607814818
Temp,39,1607814828
Heart,75,1607814828
Acceleration,19,1607814828
Temp,36,1607814838
Heart,92,1607814838
Acceleration,47,1607814838
Temp,27,1607814848
Heart,99,1607814848
Acceleration,53,1607814848
Temp,39,1607814858
Heart,77,1607814858
Acceleration,31,1607814858
Temp,25,1607814868
Heart,95,1607814868
Acceleration,53,1607814868
Temp,36,1607814878
Heart,67,1607814878
Acceleration,29,1607814878
Temp,36,1607814888
Heart,76,1607814888
Acceleration,49,1607814888
Temp,27,1607814898
Heart,97,1607814898
Acceleration,22,1607814898
Temp,30,1607814908
Heart,76,1607814908
Acceleration,33,1607814908
Temp,29,1607814918
Heart,71,1607814918
Acceleration,45,1607814918
Temp,35,1607814928
Heart,89,1607814928
Acceleration,58,1607814928
Temp,38,1607814938
Heart,70,1607814938
Acceleration,29,1607814938
Temp,32,1607814948
Heart,75,1607814948
Acceleration,21,1607814948
Temp,26,1607814958
Heart,98,1607814958
Acceleration,27,1607814958
Temp,38,1607814968
Heart,72,1607814968
Acceleration,43,1607814968
Temp,30,1607814978
Heart,72,1607814978
Acceleration,51,1607814978
Temp,25,1607814988
Heart,79,1607814988
Acceleration,17,1607814988
Temp,37,1607814998
Heart,69,1607814998
Acceleration,31,1607814998
Temp,41,1607815008
Heart,98,1607815008
Acceleration,22,1607815008
Temp,28,1607815018
Heart,71,1607815018
Acceleration,20,1607815018
Temp,36,1607815028
Heart,70,1607815028
Acceleration,55,1607815028
Temp,37,1607815038
Heart,88,1607815038
Acceleration,31,1607815038
Temp,25,1607815048
Heart,62,1607815048
Acceleration,49,1607815048
Temp,32,1607815058
Heart,96,1607815058
Acceleration,53,1607815058
Temp,26,1607815068
Heart,96,1607815068
Acceleration,50,1607815068
Temp,29,1607815078
Heart,71,1607815078
Acceleration,16,1607815078
Temp,39,1607815088
Heart,91,1607815088
Acceleration,35,1607815088
Temp,29,1607815098
Heart,69,1607815098
Acceleration,36,1607815098
Temp,30,1607815108
Heart,95,1607815108
Acceleration,42,1607815108
Temp,28,1607815118
Heart,88,1607815118
Acceleration,34,1607815118
Temp,32,1607815128
Heart,84,1607815128
Acceleration,29,1607815128
Temp,28,1607815138
Heart,90,1607815138
Acceleration,47,1607815138
Temp,35,1607815148
Heart,79,1607815148
Acceleration,59,1607815148
Temp,30,1607815158
Heart,87,1607815158
Acceleration,24,1607815158
Temp,25,1607815168
Heart,85,1607815168
Acceleration,45,1607815168
Temp,29,1607815178
Heart,84,1607815178
Acceleration,36,1607815178
Temp,33,1607815188
Heart,76,1607815188
Acceleration,25,1607815188
Temp,29,1607815198
Heart,63,1607815198
Acceleration,14,1607815198
Temp,28,1607815208
Heart,62,1607815208
Acceleration,21,1607815208
Temp,31,1607815218
Heart,88,1607815218
Acceleration,19,1607815218
Temp,29,1607815228
Heart,63,1607815228
Acceleration,25,1607815228
Temp,33,1607815238
Heart,98,1607815238
Acceleration,56,1607815238
Temp,26,1607815248
Heart,82,1607815248
Acceleration,39,1607815248
Temp,32,1607815258
Heart,69,1607815258
Acceleration,10,1607815258
Temp,30,1607815268
Heart,65,1607815268
Acceleration,45,1607815268
Temp,31,1607815278
Heart,65,1607815278
Acceleration,12,1607815278
Temp,33,1607815288
Heart,82,1607815288
Acceleration,55,1607815288
Temp,40,1607815298
Heart,97,1607815298
Acceleration,25,1607815298
Temp,28,1607815308
Heart,83,1607815308
Acceleration,11,1607815308
Temp,36,1607815318
Heart,99,1607815318
Acceleration,25,1607815318
Temp,33,1607815328
Heart,80,1607815328
Acceleration,28,1607815328
Temp,33,1607815338
Heart,81,1607815338
Acceleration,58,1607815338
Temp,28,1607815348
Heart,75,1607815348
Acceleration,34,1607815348
Temp,26,1607815358
Heart,63,1607815358
Acceleration,57,1607815358
Temp,37,1607815368
Heart,76,1607815368
Acceleration,24,1607815368
Temp,31,1607815378
Heart,71,1607815378
Acceleration,19,1607815378
Temp,32,1607815388
Heart,91,1607815388
Acceleration,30,1607815388
Temp,41,1607815398
Heart,89,1607815398
Acceleration,52,1607815398
Temp,30,1607815408
Heart,72,1607815408
Acceleration,18,1607815408
Temp,28,1607815418
Heart,67,1607815418
Acceleration,22,1607815418
Temp,32,1607815428
Heart,81,1607815428
Acceleration,29,1607815428
Temp,26,1607815438
Heart,96,1607815438
Acceleration,46,1607815438
Temp,39,1607815448
Heart,85,1607815448
Acceleration,39,1607815448
Temp,29,1607815458
Heart,77,1607815458
Acceleration,16,1607815458
Temp,26,1607815468
Heart,94,1607815468
Acceleration,36,1607815468
Temp,39,1607815478
Heart,94,1607815478
Acceleration,44,1607815478
Temp,34,1607815488
Heart,65,1607815488
Acceleration,20,1607815488
Temp,33,1607815498
Heart,93,1607815498
Acceleration,50,1607815498
Temp,41,1607815508
Heart,71,1607815508
Acceleration,15,1607815508
Temp,26,1607815518
Heart,64,1607815518
Acceleration,46,1607815518
Temp,34,1607815528
Heart,84,1607815528
Acceleration,28,1607815528
Temp,31,1607815538
Heart,72,1607815538
Acceleration,34,1607815538
Temp,28,1607815548
Heart,85,1607815548
Acceleration,11,1607815548
Temp,29,1607815558
Heart,97,1607815558
Acceleration,22,1607815558
Temp,38,1607815568
Heart,78,1607815568
Acceleration,48,1607815568
Temp,31,1607815578
Heart,79,1607815578
Acceleration,37,1607815578
Temp,40,1607815588
Heart,64,1607815588
Acceleration,20,1607815588
Temp,26,1607815598
Heart,68,1607815598
Acceleration,61,1607815598
Temp,33,1607815608
Heart,69,1607815608
Acceleration,42,1607815608
Temp,30,1607815618
Heart,66,1607815618
Acceleration,57,1607815618
Temp,26,1607815628
Heart,96,1607815628
Acceleration,35,1607815628
Temp,30,1607815638
Heart,94,1607815638
Acceleration,23,1607815638
Temp,37,1607815648
Heart,92,1607815648
Acceleration,11,1607815648
Temp,32,1607815658
Heart,86,1607815658
Acceleration,25,1607815658
Temp,36,1607815668
Heart,84,1607815668
Acceleration,16,1607815668
Temp,38,1607815678
Heart,70,1607815678
Acceleration,43,1607815678
Temp,34,1607815688
Heart,88,1607815688
Acceleration,24,1607815688
Temp,32,1607815698
Heart,93,1607815698
Acceleration,49,1607815698
Temp,39,1607815708
Heart,64,1607815708
Acceleration,42,1607815708
Temp,40,1607815718
Heart,85,1607815718
Acceleration,26,1607815718
Temp,38,1607815728
Heart,81,1607815728
Acceleration,13,1607815728
Temp,33,1607815738
Heart,71,1607815738
Acceleration,40,1607815738
Temp,37,1607815748
Heart,78,1607815748
Acceleration,18,1607815748
Temp,37,1607815758
Heart,83,1607815758
Acceleration,39,1607815758
Temp,27,1607815768
Heart,99,1607815768
Acceleration,51,1607815768
Temp,27,1607815778
Heart,98,1607815778
Acceleration,34,1607815778
Temp,33,1607815788
Heart,63,1607815788
Acceleration,29,1607815788
Temp,27,1607815798
Heart,67,1607815798
Acceleration,51,1607815798
Temp,28,1607815808
Heart,88,1607815808
Acceleration,18,1607815808
Temp,37,1607815818
Heart,76,1607815818
Acceleration,36,1607815818
Temp,29,1607815828
Heart,83,1607815828
Acceleration,25,1607815828
Temp,40,1607815838
Heart,75,1607815838
Acceleration,60,1607815838
Temp,37,1607815848
Heart,100,1607815848
Acceleration,39,1607815848
Temp,34,1607815858
Heart,72,1607815858
Acceleration,43,1607815858
Temp,33,1607815868
Heart,88,1607815868
Acceleration,27,1607815868
Temp,31,1607815878
Heart,91,1607815878
Acceleration,24,1607815878
Temp,28,1607815888
Heart,85,1607815888
Acceleration,39,1607815888
Temp,35,1607815898
Heart,74,1607815898
Acceleration,51,1607815898
Temp,31,1607815908
Heart,74,1607815908
Acceleration,47,1607815908
Temp,30,1607815918
Heart,75,1607815918
Acceleration,22,1607815918
Temp,32,1607815928
Heart,64,1607815928
Acceleration,30,1607815928
Temp,40,1607815938
Heart,65,1607815938
Acceleration,53,1607815938
Temp,29,1607815948
Heart,99,1607815948
Acceleration,46,1607815948
Temp,32,1607815958
Heart,85,1607815958
Acceleration,40,1607815958
Temp,37,1607815968
Heart,99,1607815968
Acceleration,37,1607815968
Temp,36,1607815978
Heart,68,1607815978
Acceleration,24,1607815978
Temp,30,1607815988
Heart,90,1607815988
Acceleration,38,1607815988
Temp,31,1607815998
Heart,79,1607815998
Acceleration,20,1607815998
Temp,35,1607816008
Heart,77,1607816008
Acceleration,29,1607816008
Temp,28,1607816018
Heart,61,1607816018
Acceleration,49,1607816018
Temp,33,1607816028
Heart,71,1607816028
Acceleration,21,1607816028
Temp,40,1607816038
Heart,69,1607816038
Acceleration,59,1607816038
Temp,28,1607816048
Heart,78,1607816048
Acceleration,15,1607816048
Temp,26,1607816058
Heart,68,1607816058
Acceleration,28,1607816058
Temp,32,1607816068
Heart,90,1607816068
Acceleration,37,1607816068
Temp,27,1607816078
Heart,75,1607816078
Acceleration,12,1607816078
Temp,30,1607816088
Heart,80,1607816088
Acceleration,58,1607816088
Temp,39,1607816098
Heart,66,1607816098
Acceleration,55,1607816098
Temp,27,1607816108
Heart,95,1607816108
Acceleration,43,1607816108
Temp,28,1607816118
Heart,86,1607816118
Acceleration,59,1607816118
Temp,38,1607816128
Heart,99,1607816128
Acceleration,42,1607816128
Temp,36,1607816138
Heart,76,1607816138
Acceleration,20,1607816138
Temp,27,1607816148
Heart,71,1607816148
Acceleration,27,1607816148
Temp,37,1607816158
Heart,89,1607816158
Acceleration,11,1607816158
Temp,27,1607816168
Heart,101,1607816168
Acceleration,15,1607816168
Temp,27,1607816178
Heart,86,1607816178
Acceleration,53,1607816178
Temp,39,1607816188
Heart,62,1607816188
Acceleration,55,1607816188
Temp,26,1607816198
Heart,74,1607816198
Acceleration,39,1607816198
Temp,39,1607816208
Heart,72,1607816208
Acceleration,50,1607816208
Temp,30,1607816218
Heart,96,1607816218
Acceleration,12,1607816218
Temp,27,1607816228
Heart,80,1607816228
Acceleration,58,1607816228
Temp,28,1607816238
Heart,75,1607816238
Acceleration,41,1607816238
Temp,34,1607816248
Heart,97,1607816248
Acceleration,57,1607816248
Temp,30,1607816258
Heart,91,1607816258
Acceleration,24,1607816258
Temp,30,1607816268
Heart,85,1607816268
Acceleration,45,1607816268
Temp,35,1607816278
Heart,79,1607816278
Acceleration,24,1607816278
Temp,29,1607816288
Heart,79,1607816288
Acceleration,31,1607816288
Temp,30,1607816298
Heart,63,1607816298
Acceleration,59,1607816298
Temp,30,1607816308
Heart,60,1607816308
Acceleration,46,1607816308
Temp,31,1607816318
Heart,91,1607816318
Acceleration,52,1607816318
Temp,37,1607816328
Heart,74,1607816328
Acceleration,29,1607816328
Temp,25,1607816338
Heart,79,1607816338
Acceleration,21,1607816338
Temp,35,1607816348
Heart,84,1607816348
Acceleration,54,1607816348
Temp,36,1607816358
Heart,89,1607816358
Acceleration,33,1607816358
Temp,35,1607816368
Heart,61,1607816368
Acceleration,18,1607816368
Temp,26,1607816378
Heart,94,1607816378
Acceleration,34,1607816378
Temp,31,1607816388
Heart,77,1607816388
Acceleration,30,1607816388
Temp,36,1607816398
Heart,84,1607816398
Acceleration,34,1607816398
Temp,33,1607816408
Heart,86,1607816408
Acceleration,56,1607816408
Temp,25,1607816418
Heart,96,1607816418
Acceleration,17,1607816418
Temp,30,1607816428
Heart,98,1607816428
Acceleration,28,1607816428
Temp,32,1607816438
Heart,91,1607816438
Acceleration,14,1607816438
Temp,36,1607816448
Heart,80,1607816448
Acceleration,44,1607816448
Temp,41,1607816458
Heart,82,1607816458
Acceleration,17,1607816458
Temp,32,1607816468
Heart,75,1607816468
Acceleration,40,1607816468
Temp,28,1607816478
Heart,84,1607816478
Acceleration,20,1607816478
Temp,25,1607816488
Heart,101,1607816488
Acceleration,16,1607816488
Temp,31,1607816498
Heart,72,1607816498
Acceleration,14,1607816498
Temp,29,1607816508
Heart,75,1607816508
Acceleration,54,1607816508
Temp,31,1607816518
Heart,69,1607816518
Acceleration,33,1607816518
Temp,33,1607816528
Heart,89,1607816528
Acceleration,48,1607816528
Temp,31,1607816538
Heart,95,1607816538
Acceleration,45,1607816538
Temp,31,1607816548
Heart,73,1607816548
Acceleration,17,1607816548
Temp,31,1607816558
Heart,93,1607816558
Acceleration,37,1607816558
Temp,29,1607816568
Heart,62,1607816568
Acceleration,59,1607816568
Temp,28,1607816578
Heart,68,1607816578
Acceleration,37,1607816578
Temp,33,1607816588
Heart,67,1607816588
Acceleration,45,1607816588
Temp,36,1607816598
Heart,89,1607816598
Acceleration,19,1607816598
Temp,29,1607816608
Heart,76,1607816608
Acceleration,49,1607816608
Temp,40,1607816618
Heart,73,1607816618
Acceleration,54,1607816618
Temp,27,1607816628
Heart,93,1607816628
Acceleration,52,1607816628
Temp,37,1607816638
Heart,69,1607816638
Acceleration,12,1607816638
Temp,41,1607816648
Heart,91,1607816648
Acceleration,23,1607816648
Temp,39,1607816658
Heart,77,1607816658
Acceleration,43,1607816658
Temp,32,1607816668
Heart,77,1607816668
Acceleration,46,1607816668
Temp,27,1607816679
Heart,87,1607816679
Acceleration,28,1607816679
Temp,38,1607816689
Heart,83,1607816689
Acceleration,53,1607816689
Temp,39,1607816699
Heart,68,1607816699
Acceleration,57,1607816699
Temp,33,1607816709
Heart,90,1607816709
Acceleration,41,1607816709
Temp,29,1607816719
Heart,90,1607816719
Acceleration,55,1607816719
Temp,26,1607816729
Heart,88,1607816729
Acceleration,24,1607816729
Temp,33,1607816739
Heart,84,1607816739
Acceleration,11,1607816739
Temp,32,1607816749
Heart,89,1607816749
Acceleration,16,1607816749
Temp,37,1607816759
Heart,69,1607816759
Acceleration,44,1607816759
Temp,34,1607816769
Heart,75,1607816769
Acceleration,52,1607816769
Temp,34,1607816779
Heart,73,1607816779
Acceleration,51,1607816779
Temp,30,1607816789
Heart,80,1607816789
Acceleration,57,1607816789
Temp,37,1607816799
Heart,64,1607816799
Acceleration,15,1607816799
Temp,38,1607816809
Heart,91,1607816809
Acceleration,36,1607816809
Temp,27,1607816819
Heart,72,1607816819
Acceleration,22,1607816819
Temp,37,1607816829
Heart,68,1607816829
Acceleration,50,1607816829
Temp,39,1607816839
Heart,87,1607816839
Acceleration,33,1607816839
Temp,35,1607816849
Heart,64,1607816849
Acceleration,41,1607816849
Temp,33,1607816859
Heart,63,1607816859
Acceleration,29,1607816859
Temp,39,1607816869
Heart,74,1607816869
Acceleration,43,1607816869
Temp,36,1607816879
Heart,97,1607816879
Acceleration,25,1607816879
Temp,27,1607816889
Heart,95,1607816889
Acceleration,38,1607816889
Temp,39,1607816899
Heart,67,1607816899
Acceleration,52,1607816899
Temp,40,1607816909
Heart,85,1607816909
Acceleration,44,1607816909
Temp,35,1607816919
Heart,64,1607816919
Acceleration,37,1607816919
Temp,36,1607816929
Heart,84,1607816929
Acceleration,47,1607816929
Temp,33,1607816939
Heart,66,1607816939
Acceleration,46,1607816939
Temp,36,1607816949
Heart,94,1607816949
Acceleration,37,1607816949
Temp,32,1607816959
Heart,75,1607816959
Acceleration,57,1607816959
Temp,40,1607816969
Heart,71,1607816969
Acceleration,44,1607816969
Temp,31,1607816979
Heart,60,1607816979
Acceleration,10,1607816979
Temp,33,1607816989
Heart,86,1607816989
Acceleration,31,1607816989
Temp,34,1607816999
Heart,76,1607816999
Acceleration,11,1607816999
Temp,36,1607817009
Heart,66,1607817009
Acceleration,52,1607817009
Temp,30,1607817019
Heart,84,1607817019
Acceleration,37,1607817019
Temp,32,1607817029
Heart,92,1607817029
Acceleration,28,1607817029
Temp,25,1607817039
Heart,89,1607817039
Acceleration,35,1607817039
Temp,29,1607817049
Heart,98,1607817049
Acceleration,30,1607817049
Temp,37,1607817059
Heart,73,1607817059
Acceleration,54,1607817059
Temp,32,1607817069
Heart,76,1607817069
Acceleration,52,1607817069
Temp,40,1607817079
Heart,74,1607817079
Acceleration,12,1607817079
Temp,31,1607817089
Heart,80,1607817089
Acceleration,25,1607817089
Temp,34,1607817099
Heart,90,1607817099
Acceleration,48,1607817099
Temp,26,1607817109
Heart,90,1607817109
Acceleration,57,1607817109
Temp,28,1607817119
Heart,92,1607817119
Acceleration,41,1607817119
Temp,25,1607817129
Heart,97,1607817129
Acceleration,47,1607817129
Temp,28,1607817139
Heart,73,1607817139
Acceleration,28,1607817139
Temp,38,1607817149
Heart,99,1607817149
Acceleration,19,1607817149
Temp,29,1607817159
Heart,68,1607817159
Acceleration,43,1607817159
Temp,32,1607817169
Heart,74,1607817169
Acceleration,43,1607817169
Temp,29,1607817179
Heart,62,1607817179
Acceleration,44,1607817179
Temp,27,1607817189
Heart,89,1607817189
Acceleration,21,1607817189
Temp,31,1607817199
Heart,61,1607817199
Acceleration,14,1607817199
Temp,36,1607817209
Heart,72,1607817209
Acceleration,54,1607817209
Temp,40,1607817219
Heart,61,1607817219
Acceleration,27,1607817219
Temp,29,1607817229
Heart,69,1607817229
Acceleration,43,1607817229
Temp,32,1607817239
Heart,80,1607817239
Acceleration,17,1607817239
Temp,26,1607817249
Heart,66,1607817249
Acceleration,33,1607817249
Temp,30,1607817259
Heart,63,1607817259
Acceleration,15,1607817259
Temp,28,1607817269
Heart,95,1607817269
Acceleration,12,1607817269
Temp,31,1607817279
Heart,87,1607817279
Acceleration,31,1607817279
Temp,32,1607817289
Heart,78,1607817289
Acceleration,24,1607817289
Temp,34,1607817299
Heart,78,1607817299
Acceleration,39,1607817299
Temp,35,1607817309
Heart,82,1607817309
Acceleration,26,1607817309
Temp,40,1607817319
Heart,74,1607817319
Acceleration,16,1607817319
Temp,36,1607817329
Heart,80,1607817329
Acceleration,37,1607817329
Temp,32,1607817339
Heart,96,1607817339
Acceleration,35,1607817339
Temp,40,1607817349
Heart,101,1607817349
Acceleration,29,1607817349
Temp,33,1607817359
Heart,93,1607817359
Acceleration,30,1607817359
Temp,34,1607817369
Heart,85,1607817369
Acceleration,59,1607817369
Temp,38,1607817379
Heart,82,1607817379
Acceleration,44,1607817379
Temp,25,1607817389
Heart,83,1607817389
Acceleration,25,1607817389
Temp,39,1607817399
Heart,87,1607817399
Acceleration,12,1607817399
Temp,40,1607817409
Heart,96,1607817409
Acceleration,58,1607817409
Temp,37,1607817419
Heart,65,1607817419
Acceleration,27,1607817419
Temp,32,1607817429
Heart,74,1607817429
Acceleration,22,1607817429
Temp,39,1607817439
Heart,100,1607817439
Acceleration,39,1607817439
Temp,26,1607817449
Heart,81,1607817449
Acceleration,52,1607817449
Temp,36,1607817459
Heart,83,1607817459
Acceleration,27,1607817459
Temp,39,1607817469
Heart,97,1607817469
Acceleration,55,1607817469
Temp,26,1607817479
Heart,77,1607817479
Acceleration,28,1607817479
Temp,31,1607817489
Heart,78,1607817489
Acceleration,22,1607817489
Temp,32,1607817499
Heart,89,1607817499
Acceleration,22,1607817499
Temp,34,1607817509
Heart,73,1607817509
Acceleration,61,1607817509
Temp,39,1607817519
Heart,76,1607817519
Acceleration,46,1607817519
Temp,28,1607817529
Heart,86,1607817529
Acceleration,15,1607817529
Temp,26,1607817539
Heart,63,1607817539
Acceleration,51,1607817539
Temp,40,1607817549
Heart,66,1607817549
Acceleration,44,1607817549
Temp,29,1607817559
Heart,99,1607817559
Acceleration,47,1607817559
Temp,27,1607817569
Heart,69,1607817569
Acceleration,23,1607817569
Temp,27,1607817579
Heart,61,1607817579
Acceleration,21,1607817579
Temp,28,1607817589
Heart,68,1607817589
Acceleration,32,1607817589
Temp,35,1607817599
Heart,68,1607817599
Acceleration,44,1607817599
Temp,27,1607817609
Heart,69,1607817609
Acceleration,48,1607817609
Temp,31,1607817619
Heart,80,1607817619
Acceleration,58,1607817619
Temp,33,1607817629
Heart,76,1607817629
Acceleration,24,1607817629
Temp,32,1607817639
Heart,77,1607817639
Acceleration,45,1607817639
Temp,32,1607817649
Heart,72,1607817649
Acceleration,29,1607817649
Temp,39,1607817659
Heart,100,1607817659
Acceleration,39,1607817659
Temp,31,1607817669
Heart,64,1607817669
Acceleration,14,1607817669
Temp,35,1607817679
Heart,65,1607817679
Acceleration,32,1607817679
Temp,34,1607817689
Heart,98,1607817689
Acceleration,17,1607817689
Temp,41,1607817699
Heart,82,1607817699
Acceleration,35,1607817699
Temp,37,1607817709
Heart,70,1607817709
Acceleration,50,1607817709
Temp,39,1607817719
Heart,87,1607817719
Acceleration,48,1607817719
Temp,26,1607817729
Heart,77,1607817729
Acceleration,39,1607817729
Temp,35,1607817739
Heart,69,1607817739
Acceleration,54,1607817739
Temp,32,1607817749
Heart,86,1607817749
Acceleration,21,1607817749
Temp,32,1607817759
Heart,92,1607817759
Acceleration,48,1607817759
Temp,35,1607817769
Heart,95,1607817769
Acceleration,12,1607817769
Temp,41,1607817779
Heart,75,1607817779
Acceleration,15,1607817779
Temp,27,1607817789
Heart,96,1607817789
Acceleration,40,1607817789
Temp,30,1607817799
Heart,85,1607817799
Acceleration,25,1607817799
Temp,26,1607817809
Heart,96,1607817809
Acceleration,26,1607817809
Temp,39,1607817819
Heart,68,1607817819
Acceleration,44,1607817819
Temp,33,1607817829
Heart,92,1607817829
Acceleration,55,1607817829
Temp,33,1607817839
Heart,88,1607817839
Acceleration,26,1607817839
Temp,27,1607817849
Heart,80,1607817849
Acceleration,59,1607817849
Temp,41,1607817859
Heart,96,1607817859
Acceleration,31,1607817859
Temp,31,1607817869
Heart,96,1607817869
Acceleration,38,1607817869
Temp,33,1607817879
Heart,65,1607817879
Acceleration,19,1607817879
Temp,31,1607817889
Heart,80,1607817889
Acceleration,20,1607817889
Temp,28,1607817899
Heart,97,1607817899
Acceleration,51,1607817899
Temp,38,1607817909
Heart,101,1607817909
Acceleration,24,1607817909
Temp,33,1607817919
Heart,89,1607817919
Acceleration,36,1607817919
Temp,35,1607817929
Heart,97,1607817929
Acceleration,39,1607817929
Temp,39,1607817939
Heart,94,1607817939
Acceleration,15,1607817939
Temp,35,1607817949
Heart,93,1607817949
Acceleration,50,1607817949
Temp,37,1607817959
Heart,67,1607817959
Acceleration,54,1607817959
Temp,39,1607817969
Heart,80,1607817969
Acceleration,15,1607817969
Temp,37,1607817979
Heart,71,1607817979
Acceleration,31,1607817979
Temp,36,1607817989
Heart,73,1607817989
Acceleration,27,1607817989
Temp,26,1607817999
Heart,90,1607817999
Acceleration,22,1607817999
Temp,32,1607818009
Heart,94,1607818009
Acceleration,32,1607818009
Temp,32,1607818019
Heart,87,1607818019
Acceleration,36,1607818019
Temp,39,1607818029
Heart,76,1607818029
Acceleration,60,1607818029
Temp,38,1607818039
Heart,92,1607818039
Acceleration,41,1607818039
Temp,30,1607818049
Heart,67,1607818049
Acceleration,12,1607818049
Temp,35,1607818059
Heart,68,1607818059
Acceleration,47,1607818059
Temp,31,1607818069
Heart,93,1607818069
Acceleration,58,1607818069
Temp,26,1607818079
Heart,90,1607818079
Acceleration,47,1607818079
Temp,28,1607818089
Heart,92,1607818089
Acceleration,15,1607818089
Temp,29,1607818099
Heart,89,1607818099
Acceleration,23,1607818099
Temp,33,1607818109
Heart,95,1607818109
Acceleration,42,1607818109
Temp,36,1607818119
Heart,65,1607818119
Acceleration,20,1607818119
Temp,26,1607818129
Heart,101,1607818129
Acceleration,49,1607818129
Temp,38,1607818139
Heart,78,1607818139
Acceleration,37,1607818139
Temp,39,1607818149
Heart,90,1607818149
Acceleration,39,1607818149
Temp,35,1607818159
Heart,81,1607818159
Acceleration,17,1607818159
Temp,31,1607818169
Heart,93,1607818169
Acceleration,59,1607818169
Temp,40,1607818179
Heart,95,1607818179
Acceleration,42,1607818179
Temp,33,1607818189
Heart,77,1607818189
Acceleration,19,1607818189
Temp,33,1607818199
Heart,94,1607818199
Acceleration,55,1607818199
Temp,26,1607818209
Heart,86,1607818209
Acceleration,14,1607818209
Temp,35,1607818219
Heart,96,1607818219
Acceleration,46,1607818219
Temp,27,1607818229
Heart,62,1607818229
Acceleration,56,1607818229
Temp,28,1607818239
Heart,99,1607818239
Acceleration,35,1607818239
Temp,35,1607818249
Heart,62,1607818249
Acceleration,49,1607818249
Temp,31,1607818259
Heart,63,1607818259
Acceleration,39,1607818259
Temp,30,1607818269
Heart,63,1607818269
Acceleration,10,1607818269
Temp,39,1607818279
Heart,85,1607818279
Acceleration,16,1607818279
Temp,29,1607818289
Heart,72,1607818289
Acceleration,49,1607818289
Temp,38,1607818299
Heart,78,1607818299
Acceleration,11,1607818299
Temp,38,1607818309
Heart,87,1607818309
Acceleration,25,1607818309
Temp,37,1607818319
Heart,82,1607818319
Acceleration,54,1607818319
Temp,29,1607818329
Heart,77,1607818329
Acceleration,22,1607818329
Temp,34,1607818339
Heart,80,1607818339
Acceleration,26,1607818339
Temp,26,1607818349
Heart,62,1607818349
Acceleration,52,1607818349
Temp,32,1607818359
Heart,74,1607818359
Acceleration,28,1607818359
Temp,36,1607818369
Heart,82,1607818369
Acceleration,30,1607818369
Temp,38,1607818379
Heart,82,1607818379
Acceleration,34,1607818379
Temp,35,1607818389
Heart,73,1607818389
Acceleration,29,1607818389
Temp,28,1607818399
Heart,84,1607818399
Acceleration,37,1607818399
Temp,27,1607818409
Heart,87,1607818409
Acceleration,15,1607818409
Temp,39,1607818419
Heart,101,1607818419
Acceleration,36,1607818419
Temp,40,1607818429
Heart,82,1607818429
Acceleration,32,1607818429
Temp,33,1607818439
Heart,78,1607818439
Acceleration,39,1607818439
Temp,41,1607818449
Heart,93,1607818449
Acceleration,30,1607818449
Temp,37,1607818459
Heart,75,1607818459
Acceleration,44,1607818459
Temp,37,1607818469
Heart,87,1607818469
Acceleration,36,1607818469
Temp,35,1607818479
Heart,65,1607818479
Acceleration,16,1607818479
Temp,27,1607818489
Heart,66,1607818489
Acceleration,41,1607818489
Temp,38,1607818499
Heart,92,1607818499
Acceleration,26,1607818499
Temp,39,1607818509
Heart,89,1607818509
Acceleration,29,1607818509
Temp,35,1607818519
Heart,68,1607818519
Acceleration,38,1607818519
Temp,32,1607818529
Heart,94,1607818529
Acceleration,52,1607818529
Temp,38,1607818539
Heart,68,1607818539
Acceleration,20,1607818539
Temp,31,1607818549
Heart,100,1607818549
Acceleration,21,1607818549
Temp,39,1607818559
Heart,71,1607818559
Acceleration,55,1607818559
Temp,31,1607818569
Heart,87,1607818569
Acceleration,27,1607818569
Temp,27,1607818579
Heart,79,1607818579
Acceleration,27,1607818579
Temp,38,1607818589
Heart,76,1607818589
Acceleration,47,1607818589
Temp,30,1607818599
Heart,61,1607818599
Acceleration,17,1607818599
Temp,40,1607818609
Heart,85,1607818609
Acceleration,45,1607818609
Temp,35,1607818619
Heart,92,1607818619
Acceleration,38,1607818619
Temp,36,1607818629
Heart,69,1607818629
Acceleration,53,1607818629
Temp,36,1607818639
Heart,69,1607818639
Acceleration,31,1607818639
Temp,27,1607818649
Heart,95,1607818649
Acceleration,10,1607818649
Temp,36,1607818659
Heart,73,1607818659
Acceleration,32,1607818659
Temp,35,1607818669
Heart,73,1607818669
Acceleration,21,1607818669
Temp,29,1607818679
Heart,60,1607818679
Acceleration,55,1607818679
Temp,36,1607818689
Heart,67,1607818689
Acceleration,47,1607818689
Temp,25,1607818699
Heart,84,1607818699
Acceleration,13,1607818699
Temp,35,1607818709
Heart,72,1607818709
Acceleration,18,1607818709
Temp,37,1607818719
Heart,96,1607818719
Acceleration,33,1607818719
Temp,39,1607818729
Heart,65,1607818729
Acceleration,23,1607818729
Temp,27,1607818739
Heart,73,1607818739
Acceleration,11,1607818739
Temp,38,1607818749
Heart,96,1607818749
Acceleration,13,1607818749
Temp,39,1607818759
Heart,81,1607818759
Acceleration,19,1607818759
Temp,30,1607818769
Heart,94,1607818769
Acceleration,38,1607818769
Temp,37,1607818779
Heart,90,1607818779
Acceleration,40,1607818779
Temp,28,1607818789
Heart,99,1607818789
Acceleration,49,1607818789
Temp,33,1607818799
Heart,89,1607818799
Acceleration,48,1607818799
Temp,40,1607818809
Heart,73,1607818809
Acceleration,34,1607818809
Temp,26,1607818819
Heart,77,1607818819
Acceleration,26,1607818819
Temp,32,1607818829
Heart,94,1607818829
Acceleration,38,1607818829
Temp,27,1607818839
Heart,75,1607818839
Acceleration,40,1607818839
Temp,39,1607818849
Heart,63,1607818849
Acceleration,34,1607818849
Temp,40,1607818859
Heart,68,1607818859
Acceleration,46,1607818859
Temp,36,1607818869
Heart,62,1607818869
Acceleration,28,1607818869
Temp,26,1607818879
Heart,97,1607818879
Acceleration,28,1607818879
Temp,28,1607818889
Heart,96,1607818889
Acceleration,61,1607818889
Temp,28,1607818899
Heart,86,1607818899
Acceleration,49,1607818899
Temp,28,1607818909
Heart,69,1607818909
Acceleration,20,1607818909
Temp,34,1607818919
Heart,84,1607818919
Acceleration,47,1607818919
Temp,28,1607818929
Heart,101,1607818929
Acceleration,59,1607818929
Temp,33,1607818939
Heart,73,1607818939
Acceleration,20,1607818939
Temp,40,1607818949
Heart,67,1607818949
Acceleration,24,1607818949
Temp,35,1607818959
Heart,86,1607818959
Acceleration,48,1607818959
Temp,32,1607818969
Heart,70,1607818969
Acceleration,52,1607818969
Temp,30,1607818979
Heart,61,1607818979
Acceleration,35,1607818979
Temp,36,1607818989
Heart,78,1607818989
Acceleration,14,1607818989
Temp,25,1607818999
Heart,95,1607818999
Acceleration,12,1607818999
Temp,41,1607819009
Heart,92,1607819009
Acceleration,28,1607819009
Temp,38,1607819019
Heart,81,1607819019
Acceleration,57,1607819019
Temp,36,1607819029
Heart,86,1607819029
Acceleration,15,1607819029
Temp,39,1607819039
Heart,63,1607819039
Acceleration,45,1607819039
Temp,41,1607819049
Heart,63,1607819049
Acceleration,37,1607819049
Temp,35,1607819059
Heart,98,1607819059
Acceleration,18,1607819059
Temp,36,1607819069
Heart,85,1607819069
Acceleration,33,1607819069
Temp,28,1607819079
Heart,85,1607819079
Acceleration,53,1607819079
Temp,30,1607819089
Heart,83,1607819089
Acceleration,53,1607819089
Temp,34,1607819099
Heart,97,1607819099
Acceleration,34,1607819099
Temp,38,1607819109
Heart,95,1607819109
Acceleration,39,1607819109
Temp,35,1607819119
Heart,75,1607819119
Acceleration,15,1607819119
Temp,28,1607819129
Heart,93,1607819129
Acceleration,50,1607819129
Temp,26,1607819139
Heart,89,1607819139
Acceleration,46,1607819139
Temp,34,1607819149
Heart,74,1607819149
Acceleration,59,1607819149
Temp,25,1607819159
Heart,78,1607819159
Acceleration,29,1607819159
Temp,30,1607819169
Heart,101,1607819169
Acceleration,58,1607819169
Temp,37,1607819179
Heart,75,1607819179
Acceleration,35,1607819179
Temp,35,1607819189
Heart,71,1607819189
Acceleration,12,1607819189
Temp,27,1607819199
Heart,93,1607819199
Acceleration,18,1607819199
Temp,37,1607819209
Heart,97,1607819209
Acceleration,52,1607819209
Temp,37,1607819219
Heart,70,1607819219
Acceleration,55,1607819219
Temp,27,1607819229
Heart,63,1607819229
Acceleration,15,1607819229
Temp,39,1607819239
Heart,95,1607819239
Acceleration,28,1607819239
Temp,28,1607819249
Heart,73,1607819249
Acceleration,45,1607819249
Temp,41,1607819259
Heart,64,1607819259
Acceleration,46,1607819259
Temp,26,1607819269
Heart,67,1607819269
Acceleration,38,1607819269
Temp,37,1607819279
Heart,63,1607819279
Acceleration,33,1607819279
Temp,29,1607819289
Heart,67,1607819289
Acceleration,16,1607819289
Temp,29,1607819299
Heart,92,1607819299
Acceleration,55,1607819299
Temp,27,1607819309
Heart,98,1607819309
Acceleration,25,1607819309
Temp,28,1607819319
Heart,75,1607819319
Acceleration,35,1607819319
Temp,41,1607819329
Heart,82,1607819329
Acceleration,34,1607819329
Temp,28,1607819339
Heart,74,1607819339
Acceleration,34,1607819339
Temp,36,1607819349
Heart,84,1607819349
Acceleration,54,1607819349
Temp,25,1607819359
Heart,61,1607819359
Acceleration,40,1607819359
Temp,29,1607819369
Heart,86,1607819369
Acceleration,61,1607819369
Temp,31,1607819379
Heart,84,1607819379
Acceleration,41,1607819379
Temp,35,1607819389
Heart,71,1607819389
Acceleration,19,1607819389
Temp,26,1607819399
Heart,74,1607819399
Acceleration,53,1607819399
Temp,32,1607819409
Heart,67,1607819409
Acceleration,52,1607819409
Temp,26,1607819419
Heart,82,1607819419
Acceleration,11,1607819419
Temp,30,1607819429
Heart,64,1607819429
Acceleration,38,1607819429
Temp,30,1607819439
Heart,84,1607819439
Acceleration,43,1607819439
Temp,41,1607819449
Heart,66,1607819449
Acceleration,52,1607819449
Temp,40,1607819459
Heart,97,1607819459
Acceleration,22,1607819459
Temp,33,1607819469
Heart,61,1607819469
Acceleration,55,1607819469
Temp,29,1607819479
Heart,95,1607819479
Acceleration,48,1607819479
Temp,33,1607819489
Heart,99,1607819489
Acceleration,11,1607819489
Temp,31,1607819499
Heart,71,1607819499
Acceleration,52,1607819499
Temp,27,1607819509
Heart,84,1607819509
Acceleration,28,1607819509
Temp,31,1607819519
Heart,68,1607819519
Acceleration,31,1607819519
Temp,29,1607819529
Heart,99,1607819529
Acceleration,26,1607819529
Temp,27,1607819539
Heart,93,1607819539
Acceleration,14,1607819539
Temp,39,1607819549
Heart,65,1607819549
Acceleration,30,1607819549
Temp,26,1607819559
Heart,86,1607819559
Acceleration,34,1607819559
Temp,26,1607819569
Heart,66,1607819569
Acceleration,49,1607819569
Temp,39,1607819579
Heart,91,1607819579
Acceleration,55,1607819579
Temp,28,1607819589
Heart,84,1607819589
Acceleration,43,1607819589
Temp,34,1607819599
Heart,76,1607819599
Acceleration,53,1607819599
Temp,41,1607819609
Heart,97,1607819609
Acceleration,16,1607819609
Temp,34,1607819619
Heart,72,1607819619
Acceleration,18,1607819619
Temp,41,1607819629
Heart,69,1607819629
Acceleration,17,1607819629
Temp,41,1607819639
Heart,88,1607819639
Acceleration,14,1607819639
Temp,31,1607819649
Heart,87,1607819649
Acceleration,35,1607819649
Temp,40,1607819659
Heart,83,1607819659
Acceleration,35,1607819659
Temp,26,1607819669
Heart,99,1607819669
Acceleration,33,1607819669
Temp,35,1607819679
Heart,91,1607819679
Acceleration,11,1607819679
Temp,36,1607819689
Heart,84,1607819689
Acceleration,26,1607819689
Temp,40,1607819699
Heart,84,1607819699
Acceleration,10,1607819699
Temp,35,1607819709
Heart,83,1607819709
Acceleration,35,1607819709
Temp,36,1607819719
Heart,89,1607819719
Acceleration,13,1607819719
Temp,36,1607819729
Heart,69,1607819729
Acceleration,30,1607819729
Temp,40,1607819739
Heart,71,1607819739
Acceleration,52,1607819739
Temp,38,1607819749
Heart,88,1607819749
Acceleration,33,1607819749
Temp,35,1607819759
Heart,78,1607819759
Acceleration,33,1607819759
Temp,37,1607819769
Heart,75,1607819769
Acceleration,20,1607819769
Temp,30,1607819779
Heart,71,1607819779
Acceleration,30,1607819779
Temp,26,1607819789
Heart,84,1607819789
Acceleration,44,1607819789
Temp,36,1607819799
Heart,67,1607819799
Acceleration,28,1607819799
Temp,33,1607819809
Heart,89,1607819809
Acceleration,57,1607819809
Temp,35,1607819819
Heart,83,1607819819
Acceleration,17,1607819819
Temp,32,1607819829
Heart,79,1607819829
Acceleration,33,1607819829
Temp,30,1607819839
Heart,93,1607819839
Acceleration,13,1607819839
Temp,26,1607819849
Heart,97,1607819849
Acceleration,38,1607819849
Temp,30,1607819859
Heart,92,1607819859
Acceleration,38,1607819859
Temp,27,1607819869
Heart,100,1607819869
Acceleration,35,1607819869
Temp,25,1607819879
Heart,66,1607819879
Acceleration,12,1607819879
Temp,38,1607819889
Heart,75,1607819889
Acceleration,57,1607819889
Temp,35,1607819899
Heart,69,1607819899
Acceleration,60,1607819899
Temp,26,1607819909
Heart,82,1607819909
Acceleration,23,1607819909
Temp,31,1607819919
Heart,100,1607819919
Acceleration,18,1607819919
Temp,27,1607819929
Heart,87,1607819929
Acceleration,14,1607819929
Temp,30,1607819939
Heart,67,1607819939
Acceleration,18,1607819939
Temp,35,1607819949
Heart,97,1607819949
Acceleration,22,1607819949
Temp,38,1607819959
Heart,95,1607819959
Acceleration,42,1607819959
Temp,27,1607819969
Heart,80,1607819969
Acceleration,43,1607819969
Temp,38,1607819979
Heart,61,1607819979
Acceleration,32,1607819979
Temp,37,1607819989
Heart,92,1607819989
Acceleration,24,1607819989
Temp,33,1607819999
Heart,80,1607819999
Acceleration,48,1607819999
Temp,32,1607820009
Heart,92,1607820009
Acceleration,39,1607820009
Temp,38,1607820019
Heart,100,1607820019
Acceleration,33,1607820019
Temp,37,1607820029
Heart,88,1607820029
Acceleration,54,1607820029
Temp,30,1607820039
Heart,95,1607820039
Acceleration,19,1607820039
Temp,38,1607820049
Heart,72,1607820049
Acceleration,16,1607820049
Temp,40,1607820059
Heart,101,1607820059
Acceleration,55,1607820059
Temp,26,1607820069
Heart,80,1607820069
Acceleration,43,1607820069
Temp,36,1607820079
Heart,87,1607820079
Acceleration,28,1607820079
Temp,37,1607820089
Heart,93,1607820089
Acceleration,52,1607820089
Temp,37,1607820099
Heart,81,1607820099
Acceleration,54,1607820099
Temp,39,1607820109
Heart,88,1607820109
Acceleration,31,1607820109
Temp,40,1607820119
Heart,72,1607820119
Acceleration,39,1607820119
Temp,35,1607820129
Heart,80,1607820129
Acceleration,33,1607820129
Temp,35,1607820139
Heart,77,1607820139
Acceleration,33,1607820139
Temp,27,1607820149
Heart,73,1607820149
Acceleration,11,1607820149
Temp,31,1607820159
Heart,92,1607820159
Acceleration,17,1607820159
Temp,35,1607820169
Heart,67,1607820169
Acceleration,42,1607820169
Temp,37,1607820179
Heart,96,1607820179
Acceleration,51,1607820179
Temp,28,1607820189
Heart,92,1607820189
Acceleration,17,1607820189
Temp,29,1607820199
Heart,95,1607820199
Acceleration,26,1607820199
Temp,28,1607820209
Heart,77,1607820209
Acceleration,22,1607820209
Temp,25,1607820219
Heart,64,1607820219
Acceleration,35,1607820219
Temp,34,1607820229
Heart,94,1607820229
Acceleration,10,1607820229
Temp,33,1607820239
Heart,86,1607820239
Acceleration,30,1607820239
Temp,30,1607820249
Heart,74,1607820249
Acceleration,14,1607820249
Temp,29,1607820259
Heart,78,1607820259
Acceleration,17,1607820259
Temp,39,1607820269
Heart,94,1607820269
Acceleration,59,1607820269
Temp,25,1607820279
Heart,100,1607820279
Acceleration,37,1607820279
Temp,38,1607820289
Heart,68,1607820289
Acceleration,32,1607820289
Temp,28,1607820299
Heart,98,1607820299
Acceleration,30,1607820299
Temp,38,1607820309
Heart,81,1607820309
Acceleration,58,1607820309
Temp,34,1607820319
Heart,91,1607820319
Acceleration,13,1607820319
Temp,40,1607820329
Heart,86,1607820329
Acceleration,48,1607820329
Temp,36,1607820339
Heart,92,1607820339
Acceleration,25,1607820339
Temp,41,1607820349
Heart,65,1607820349
Acceleration,51,1607820349
Temp,31,1607820359
Heart,100,1607820359
Acceleration,42,1607820359
Temp,38,1607820369
Heart,87,1607820369
Acceleration,31,1607820369
Temp,26,1607820379
Heart,97,1607820379
Acceleration,24,1607820379
Temp,25,1607820389
Heart,71,1607820389
Acceleration,35,1607820389
Temp,41,1607820399
Heart,76,1607820399
Acceleration,28,1607820399
Temp,40,1607820409
Heart,94,1607820409
Acceleration,46,1607820409
Temp,25,1607820419
Heart,87,1607820419
Acceleration,50,1607820419
Temp,35,1607820429
Heart,88,1607820429
Acceleration,24,1607820429
Temp,35,1607820439
Heart,88,1607820439
Acceleration,28,1607820439
Temp,27,1607820449
Heart,87,1607820449
Acceleration,34,1607820449
Temp,41,1607820459
Heart,98,1607820459
Acceleration,46,1607820459
Temp,40,1607820469
Heart,79,1607820469
Acceleration,40,1607820469
Temp,29,1607820479
Heart,94,1607820479
Acceleration,27,1607820479
Temp,33,1607820489
Heart,61,1607820489
Acceleration,41,1607820489
Temp,26,1607820499
Heart,100,1607820499
Acceleration,17,1607820499
Temp,36,1607820509
Heart,62,1607820509
Acceleration,44,1607820509
Temp,35,1607820519
Heart,60,1607820519
Acceleration,28,1607820519
Temp,27,1607820529
Heart,76,1607820529
Acceleration,26,1607820529
Temp,38,1607820539
Heart,74,1607820539
Acceleration,12,1607820539
Temp,36,1607820549
Heart,96,1607820549
Acceleration,23,1607820549
Temp,33,1607820559
Heart,94,1607820559
Acceleration,54,1607820559
Temp,38,1607820569
Heart,66,1607820569
Acceleration,61,1607820569
Temp,37,1607820579
Heart,77,1607820579
Acceleration,30,1607820579
Temp,27,1607820589
Heart,94,1607820589
Acceleration,34,1607820589
Temp,41,1607820599
Heart,100,1607820599
Acceleration,37,1607820599
Temp,39,1607820609
Heart,92,1607820609
Acceleration,34,1607820609
Temp,36,1607820619
Heart,100,1607820619
Acceleration,28,1607820619
Temp,33,1607820629
Heart,76,1607820629
Acceleration,17,1607820629
Temp,34,1607820639
Heart,61,1607820639
Acceleration,61,1607820639
Temp,31,1607820649
Heart,66,1607820649
Acceleration,31,1607820649
Temp,36,1607820659
Heart,100,1607820659
Acceleration,59,1607820659
Temp,39,1607820669
Heart,66,1607820669
Acceleration,15,1607820669
Temp,34,1607820679
Heart,75,1607820679
Acceleration,54,1607820679
Temp,41,1607820689
Heart,95,1607820689
Acceleration,15,1607820689
Temp,40,1607820699
Heart,66,1607820699
Acceleration,31,1607820699
Temp,37,1607820709
Heart,87,1607820709
Acceleration,31,1607820709
Temp,39,1607820719
Heart,94,1607820719
Acceleration,39,1607820719
Temp,32,1607820729
Heart,100,1607820729
Acceleration,39,1607820729
Temp,39,1607820739
Heart,61,1607820739
Acceleration,41,1607820739
Temp,31,1607820749
Heart,100,1607820749
Acceleration,56,1607820749
Temp,30,1607820759
Heart,92,1607820759
Acceleration,54,1607820759
Temp,36,1607820769
Heart,60,1607820769
Acceleration,15,1607820769
Temp,26,1607820779
Heart,90,1607820779
Acceleration,28,1607820779
Temp,29,1607820789
Heart,68,1607820789
Acceleration,32,1607820789
Temp,31,1607820799
Heart,84,1607820799
Acceleration,24,1607820799
Temp,34,1607820809
Heart,68,1607820809
Acceleration,31,1607820809
Temp,33,1607820819
Heart,97,1607820819
Acceleration,21,1607820819
Temp,39,1607820829
Heart,84,1607820829
Acceleration,50,1607820829
Temp,37,1607820839
Heart,69,1607820839
Acceleration,28,1607820839
Temp,29,1607820849
Heart,101,1607820849
Acceleration,23,1607820849
Temp,26,1607820859
Heart,91,1607820859
Acceleration,58,1607820859
Temp,28,1607820869
Heart,77,1607820869
Acceleration,19,1607820869
Temp,41,1607820879
Heart,81,1607820879
Acceleration,31,1607820879
Temp,34,1607820889
Heart,80,1607820889
Acceleration,14,1607820889
Temp,32,1607820899
Heart,80,1607820899
Acceleration,20,1607820899
Temp,30,1607820909
Heart,94,1607820909
Acceleration,45,1607820909
Temp,38,1607820919
Heart,95,1607820919
Acceleration,26,1607820919
Temp,26,1607820929
Heart,84,1607820929
Acceleration,49,1607820929
Temp,39,1607820939
Heart,98,1607820939
Acceleration,36,1607820939
Temp,26,1607820949
Heart,73,1607820949
Acceleration,43,1607820949
Temp,31,1607820959
Heart,65,1607820959
Acceleration,17,1607820959
Temp,34,1607820969
Heart,78,1607820969
Acceleration,24,1607820969
Temp,39,1607820979
Heart,98,1607820979
Acceleration,32,1607820979
Temp,26,1607820989
Heart,82,1607820989
Acceleration,40,1607820989
Temp,32,1607820999
Heart,79,1607820999
Acceleration,26,1607820999
Temp,26,1607821009
Heart,68,1607821009
Acceleration,38,1607821009
Temp,38,1607821019
Heart,77,1607821019
Acceleration,33,1607821019
Temp,33,1607821029
Heart,87,1607821029
Acceleration,45,1607821029
Temp,35,1607821039
Heart,70,1607821039
Acceleration,45,1607821039
Temp,31,1607821049
Heart,101,1607821049
Acceleration,44,1607821049
Temp,37,1607821059
Heart,67,1607821059
Acceleration,47,1607821059
Temp,36,1607821069
Heart,80,1607821069
Acceleration,36,1607821069
Temp,32,1607821079
Heart,69,1607821079
Acceleration,40,1607821079
Temp,38,1607821089
Heart,74,1607821089
Acceleration,30,1607821089
Temp,32,1607821099
Heart,92,1607821099
Acceleration,18,1607821099
Temp,41,1607821109
Heart,78,1607821109
Acceleration,36,1607821109
Temp,26,1607821119
Heart,61,1607821119
Acceleration,37,1607821119
Temp,27,1607821129
Heart,91,1607821129
Acceleration,13,1607821129
Temp,36,1607821139
Heart,101,1607821139
Acceleration,15,1607821139
Temp,27,1607821149
Heart,92,1607821149
Acceleration,44,1607821149
Temp,25,1607821159
Heart,89,1607821159
Acceleration,19,1607821159
Temp,32,1607821169
Heart,76,1607821169
Acceleration,28,1607821169
Temp,39,1607821179
Heart,75,1607821179
Acceleration,24,1607821179
Temp,34,1607821189
Heart,86,1607821189
Acceleration,42,1607821189
Temp,32,1607821199
Heart,76,1607821199
Acceleration,49,1607821199
Temp,28,1607821209
Heart,79,1607821209
Acceleration,12,1607821209
Temp,34,1607821219
Heart,88,1607821219
Acceleration,24,1607821219
Temp,38,1607821229
Heart,61,1607821229
Acceleration,56,1607821229
Temp,34,1607821239
Heart,65,1607821239
Acceleration,49,1607821239
Temp,36,1607821249
Heart,74,1607821249
Acceleration,32,1607821249
Temp,33,1607821259
Heart,76,1607821259
Acceleration,35,1607821259
Temp,41,1607821269
Heart,94,1607821269
Acceleration,39,1607821269
Temp,31,1607821279
Heart,96,1607821279
Acceleration,34,1607821279
Temp,30,1607821289
Heart,65,1607821289
Acceleration,28,1607821289
Temp,38,1607821299
Heart,65,1607821299
Acceleration,13,1607821299
Temp,39,1607821309
Heart,67,1607821309
Acceleration,44,1607821309
Temp,28,1607821319
Heart,97,1607821319
Acceleration,49,1607821319
Temp,31,1607821329
Heart,86,1607821329
Acceleration,15,1607821329
Temp,27,1607821339
Heart,97,1607821339
Acceleration,34,1607821339
Temp,28,1607821349
Heart,81,1607821349
Acceleration,18,1607821349
Temp,38,1607821359
Heart,85,1607821359
Acceleration,21,1607821359
Temp,29,1607821369
Heart,100,1607821369
Acceleration,33,1607821369
Temp,34,1607821379
Heart,66,1607821379
Acceleration,53,1607821379
Temp,31,1607821389
Heart,75,1607821389
Acceleration,36,1607821389
Temp,39,1607821399
Heart,81,1607821399
Acceleration,39,1607821399
Temp,26,1607821409
Heart,86,1607821409
Acceleration,28,1607821409
Temp,27,1607821419
Heart,91,1607821419
Acceleration,15,1607821419
Temp,34,1607821429
Heart,91,1607821429
Acceleration,18,1607821429
Temp,30,1607821439
Heart,71,1607821439
Acceleration,14,1607821439
Temp,39,1607821449
Heart,74,1607821449
Acceleration,60,1607821449
Temp,25,1607821459
Heart,85,1607821459
Acceleration,18,1607821459
Temp,31,1607821469
Heart,95,1607821469
Acceleration,58,1607821469
Temp,37,1607821479
Heart,67,1607821479
Acceleration,22,1607821479
Temp,28,1607821489
Heart,70,1607821489
Acceleration,19,1607821489
Temp,31,1607821499
Heart,80,1607821499
Acceleration,20,1607821499
Temp,34,1607821509
Heart,61,1607821509
Acceleration,13,1607821509
Temp,33,1607821519
Heart,61,1607821519
Acceleration,58,1607821519
Temp,39,1607821529
Heart,83,1607821529
Acceleration,28,1607821529
Temp,27,1607821539
Heart,98,1607821539
Acceleration,42,1607821539
Temp,34,1607821549
Heart,91,1607821549
Acceleration,58,1607821549
Temp,36,1607821559
Heart,83,1607821559
Acceleration,46,1607821559
Temp,37,1607821569
Heart,88,1607821569
Acceleration,53,1607821569
Temp,35,1607821579
Heart,94,1607821579
Acceleration,16,1607821579
Temp,25,1607821589
Heart,79,1607821589
Acceleration,61,1607821589
Temp,37,1607821599
Heart,81,1607821599
Acceleration,34,1607821599
Temp,29,1607821609
Heart,73,1607821609
Acceleration,47,1607821609
Temp,34,1607821619
Heart,99,1607821619
Acceleration,32,1607821619
Temp,26,1607821629
Heart,92,1607821629
Acceleration,57,1607821629
Temp,36,1607821639
Heart,72,1607821639
Acceleration,47,1607821639
Temp,33,1607821649
Heart,93,1607821649
Acceleration,55,1607821649
Temp,28,1607821659
Heart,83,1607821659
Acceleration,23,1607821659
Temp,33,1607821669
Heart,69,1607821669
Acceleration,56,1607821669
Temp,41,1607821679
Heart,73,1607821679
Acceleration,41,1607821679
Temp,34,1607821689
Heart,69,1607821689
Acceleration,52,1607821689
Temp,27,1607821699
Heart,93,1607821699
Acceleration,39,1607821699
Temp,35,1607821709
Heart,84,1607821709
Acceleration,32,1607821709
Temp,32,1607821719
Heart,80,1607821719
Acceleration,49,1607821719
Temp,34,1607821729
Heart,87,1607821729
Acceleration,16,1607821729
Temp,31,1607821739
Heart,80,1607821739
Acceleration,44,1607821739
Temp,29,1607821749
Heart,61,1607821749
Acceleration,32,1607821749
Temp,25,1607821759
Heart,62,1607821759
Acceleration,58,1607821759
Temp,37,1607821769
Heart,73,1607821769
Acceleration,21,1607821769
Temp,34,1607821779
Heart,80,1607821779
Acceleration,58,1607821779
Temp,33,1607821789
Heart,83,1607821789
Acceleration,54,1607821789
Temp,28,1607821799
Heart,87,1607821799
Acceleration,17,1607821799
Temp,36,1607821809
Heart,72,1607821809
Acceleration,24,1607821809
Temp,39,1607821819
Heart,98,1607821819
Acceleration,27,1607821819
Temp,30,1607821829
Heart,79,1607821829
Acceleration,26,1607821829
Temp,28,1607821839
Heart,77,1607821839
Acceleration,54,1607821839
Temp,29,1607821849
Heart,96,1607821849
Acceleration,32,1607821849
Temp,28,1607821859
Heart,71,1607821859
Acceleration,25,1607821859
Temp,30,1607821869
Heart,87,1607821869
Acceleration,44,1607821869
Temp,30,1607821879
Heart,100,1607821879
Acceleration,48,1607821879
Temp,26,1607821889
Heart,84,1607821889
Acceleration,11,1607821889
Temp,30,1607821899
Heart,94,1607821899
Acceleration,37,1607821899
Temp,35,1607821909
Heart,95,1607821909
Acceleration,51,1607821909
Temp,37,1607821919
Heart,96,1607821919
Acceleration,47,1607821919
Temp,40,1607821929
Heart,61,1607821929
Acceleration,49,1607821929
Temp,33,1607821939
Heart,61,1607821939
Acceleration,47,1607821939
Temp,28,1607821949
Heart,88,1607821949
Acceleration,38,1607821949
Temp,36,1607821959
Heart,83,1607821959
Acceleration,44,1607821959
Temp,36,1607821969
Heart,64,1607821969
Acceleration,44,1607821969
Temp,26,1607821979
Heart,75,1607821979
Acceleration,56,1607821979
Temp,28,1607821989
Heart,74,1607821989
Acceleration,43,1607821989
Temp,30,1607821999
Heart,78,1607821999
Acceleration,15,1607821999
Temp,28,1607822009
Heart,63,1607822009
Acceleration,47,1607822009
Temp,27,1607822019
Heart,78,1607822019
Acceleration,33,1607822019
Temp,26,1607822029
Heart,86,1607822029
Acceleration,12,1607822029
Temp,29,1607822039
Heart,76,1607822039
Acceleration,30,1607822039
Temp,28,1607822049
Heart,72,1607822049
Acceleration,24,1607822049
Temp,26,1607822059
Heart,90,1607822059
Acceleration,31,1607822059
Temp,38,1607822069
Heart,71,1607822069
Acceleration,17,1607822069
Temp,38,1607822079
Heart,63,1607822079
Acceleration,17,1607822079
Temp,28,1607822089
Heart,76,1607822089
Acceleration,54,1607822089
Temp,40,1607822099
Heart,61,1607822099
Acceleration,17,1607822099
Temp,25,1607822109
Heart,69,1607822109
Acceleration,30,1607822109
Temp,27,1607822119
Heart,73,1607822119
Acceleration,41,1607822119
Temp,33,1607822129
Heart,83,1607822129
Acceleration,33,1607822129
Temp,35,1607822139
Heart,97,1607822139
Acceleration,47,1607822139
Temp,39,1607822149
Heart,73,1607822149
Acceleration,32,1607822149
Temp,33,1607822159
Heart,99,1607822159
Acceleration,20,1607822159
Temp,36,1607822169
Heart,94,1607822169
Acceleration,21,1607822169
Temp,29,1607822179
Heart,87,1607822179
Acceleration,33,1607822179
Temp,31,1607822189
Heart,76,1607822189
Acceleration,43,1607822189
Temp,34,1607822199
Heart,89,1607822199
Acceleration,59,1607822199
Temp,30,1607822209
Heart,76,1607822209
Acceleration,40,1607822209
Temp,34,1607822219
Heart,70,1607822219
Acceleration,53,1607822219
Temp,39,1607822229
Heart,61,1607822229
Acceleration,44,1607822229
Temp,37,1607822239
Heart,74,1607822239
Acceleration,27,1607822239
Temp,25,1607822249
Heart,93,1607822249
Acceleration,29,1607822249
Temp,28,1607822259
Heart,81,1607822259
Acceleration,26,1607822259
Temp,40,1607822269
Heart,73,1607822269
Acceleration,51,1607822269
Temp,26,1607822279
Heart,87,1607822279
Acceleration,35,1607822279
Temp,28,1607822289
Heart,95,1607822289
Acceleration,47,1607822289
Temp,27,1607822299
Heart,64,1607822299
Acceleration,34,1607822299
Temp,28,1607822310
Heart,67,1607822310
Acceleration,27,1607822310
Temp,40,1607822320
Heart,72,1607822320
Acceleration,48,1607822320
Temp,31,1607822330
Heart,85,1607822330
Acceleration,35,1607822330
Temp,26,1607822340
Heart,60,1607822340
Acceleration,11,1607822340
Temp,30,1607822350
Heart,86,1607822350
Acceleration,16,1607822350
Temp,40,1607822360
Heart,69,1607822360
Acceleration,40,1607822360
Temp,26,1607822370
Heart,79,1607822370
Acceleration,15,1607822370
Temp,38,1607822380
Heart,65,1607822380
Acceleration,54,1607822380
Temp,27,1607822390
Heart,68,1607822390
Acceleration,27,1607822390
Temp,34,1607822400
Heart,80,1607822400
Acceleration,19,1607822400
Temp,33,1607822410
Heart,95,1607822410
Acceleration,41,1607822410
Temp,34,1607822420
Heart,80,1607822420
Acceleration,58,1607822420
Temp,27,1607822430
Heart,93,1607822430
Acceleration,49,1607822430
Temp,35,1607822440
Heart,77,1607822440
Acceleration,19,1607822440
Temp,30,1607822450
Heart,83,1607822450
Acceleration,10,1607822450
Temp,29,1607822460
Heart,70,1607822460
Acceleration,47,1607822460
Temp,25,1607822470
Heart,61,1607822470
Acceleration,41,1607822470
Temp,37,1607822480
Heart,66,1607822480
Acceleration,31,1607822480
Temp,30,1607822490
Heart,96,1607822490
Acceleration,54,1607822490
Temp,36,1607822500
Heart,92,1607822500
Acceleration,22,1607822500
Temp,34,1607822510
Heart,83,1607822510
Acceleration,25,1607822510
Temp,35,1607822520
Heart,71,1607822520
Acceleration,36,1607822520
Temp,27,1607822530
Heart,72,1607822530
Acceleration,11,1607822530
Temp,29,1607822540
Heart,80,1607822540
Acceleration,34,1607822540
Temp,33,1607822550
Heart,98,1607822550
Acceleration,31,1607822550
Temp,40,1607822560
Heart,94,1607822560
Acceleration,39,1607822560
Temp,31,1607822570
Heart,81,1607822570
Acceleration,18,1607822570
Temp,32,1607822580
Heart,65,1607822580
Acceleration,41,1607822580
Temp,34,1607822590
Heart,74,1607822590
Acceleration,14,1607822590
Temp,40,1607822600
Heart,79,1607822600
Acceleration,25,1607822600
Temp,32,1607822610
Heart,79,1607822610
Acceleration,38,1607822610
Temp,39,1607822620
Heart,98,1607822620
Acceleration,37,1607822620
Temp,28,1607822630
Heart,94,1607822630
Acceleration,48,1607822630
Temp,29,1607822640
Heart,94,1607822640
Acceleration,19,1607822640
Temp,32,1607822650
Heart,82,1607822650
Acceleration,43,1607822650
Temp,31,1607822660
Heart,83,1607822660
Acceleration,31,1607822660
Temp,27,1607822670
Heart,92,1607822670
Acceleration,53,1607822670
Temp,34,1607822680
Heart,74,1607822680
Acceleration,26,1607822680
Temp,35,1607822690
Heart,98,1607822690
Acceleration,52,1607822690
Temp,33,1607822700
Heart,66,1607822700
Acceleration,59,1607822700
Temp,28,1607822710
Heart,94,1607822710
Acceleration,28,1607822710
Temp,33,1607822720
Heart,77,1607822720
Acceleration,12,1607822720
Temp,31,1607822730
Heart,74,1607822730
Acceleration,33,1607822730
Temp,36,1607822740
Heart,91,1607822740
Acceleration,35,1607822740
Temp,33,1607822750
Heart,62,1607822750
Acceleration,18,1607822750
Temp,36,1607822760
Heart,79,1607822760
Acceleration,54,1607822760
Temp,26,1607822770
Heart,100,1607822770
Acceleration,49,1607822770
Temp,30,1607822780
Heart,70,1607822780
Acceleration,35,1607822780
Temp,39,1607822790
Heart,75,1607822790
Acceleration,25,1607822790
Temp,32,1607822800
Heart,90,1607822800
Acceleration,32,1607822800
Temp,26,1607822810
Heart,87,1607822810
Acceleration,16,1607822810
Temp,35,1607822820
Heart,87,1607822820
Acceleration,22,1607822820
Temp,27,1607822830
Heart,99,1607822830
Acceleration,61,1607822830
Temp,26,1607822840
Heart,61,1607822840
Acceleration,25,1607822840
Temp,28,1607822850
Heart,83,1607822850
Acceleration,46,1607822850
Temp,36,1607822860
Heart,61,1607822860
Acceleration,51,1607822860
Temp,33,1607822870
Heart,79,1607822870
Acceleration,43,1607822870
Temp,30,1607822880
Heart,75,1607822880
Acceleration,13,1607822880
Temp,27,1607822890
Heart,72,1607822890
Acceleration,53,1607822890
Temp,40,1607822900
Heart,67,1607822900
Acceleration,57,1607822900
Temp,32,1607822910
Heart,63,1607822910
Acceleration,60,1607822910
Temp,33,1607822920
Heart,68,1607822920
Acceleration,59,1607822920
Temp,27,1607822930
Heart,65,1607822930
Acceleration,26,1607822930
Temp,34,1607822940
Heart,61,1607822940
Acceleration,52,1607822940
Temp,36,1607822950
Heart,79,1607822950
Acceleration,13,1607822950
Temp,40,1607822960
Heart,72,1607822960
Acceleration,37,1607822960
Temp,30,1607822970
Heart,67,1607822970
Acceleration,43,1607822970
Temp,35,1607822980
Heart,61,1607822980
Acceleration,27,1607822980
Temp,33,1607822990
Heart,67,1607822990
Acceleration,44,1607822990
Temp,31,1607823000
Heart,83,1607823000
Acceleration,34,1607823000
Temp,33,1607823010
Heart,96,1607823010
Acceleration,51,1607823010
Temp,29,1607823020
Heart,98,1607823020
Acceleration,30,1607823020
Temp,31,1607823030
Heart,98,1607823030
Acceleration,16,1607823030
Temp,37,1607823040
Heart,93,1607823040
Acceleration,57,1607823040
Temp,27,1607823050
Heart,73,1607823050
Acceleration,47,1607823050
Temp,30,1607823060
Heart,78,1607823060
Acceleration,43,1607823060
Temp,39,1607823070
Heart,74,1607823070
Acceleration,20,1607823070
Temp,28,1607823080
Heart,63,1607823080
Acceleration,16,1607823080
Temp,25,1607823090
Heart,68,1607823090
Acceleration,13,1607823090
Temp,37,1607823100
Heart,95,1607823100
Acceleration,26,1607823100
Temp,40,1607823110
Heart,99,1607823110
Acceleration,37,1607823110
Temp,34,1607823120
Heart,84,1607823120
Acceleration,20,1607823120
Temp,32,1607823130
Heart,87,1607823130
Acceleration,26,1607823130
Temp,33,1607823140
Heart,75,1607823140
Acceleration,17,1607823140
Temp,28,1607823150
Heart,62,1607823150
Acceleration,46,1607823150
Temp,39,1607823160
Heart,91,1607823160
Acceleration,49,1607823160
Temp,33,1607823170
Heart,85,1607823170
Acceleration,18,1607823170
Temp,27,1607823180
Heart,62,1607823180
Acceleration,36,1607823180
Temp,31,1607823190
Heart,95,1607823190
Acceleration,36,1607823190
Temp,35,1607823200
Heart,71,1607823200
Acceleration,33,1607823200
Temp,33,1607823210
Heart,78,1607823210
Acceleration,58,1607823210
Temp,26,1607823220
Heart,89,1607823220
Acceleration,51,1607823220
Temp,27,1607823230
Heart,86,1607823230
Acceleration,23,1607823230
Temp,39,1607823240
Heart,74,1607823240
Acceleration,52,1607823240
Temp,36,1607823250
Heart,93,1607823250
Acceleration,59,1607823250
Temp,36,1607823260
Heart,82,1607823260
Acceleration,40,1607823260
Temp,28,1607823270
Heart,68,1607823270
Acceleration,57,1607823270
Temp,38,1607823280
Heart,62,1607823280
Acceleration,41,1607823280
Temp,41,1607823290
Heart,81,1607823290
Acceleration,20,1607823290
Temp,32,1607823300
Heart,76,1607823300
Acceleration,35,1607823300
Temp,26,1607823310
Heart,74,1607823310
Acceleration,27,1607823310
Temp,29,1607823320
Heart,75,1607823320
Acceleration,20,1607823320
Temp,33,1607823330
Heart,97,1607823330
Acceleration,12,1607823330
Temp,39,1607823340
Heart,73,1607823340
Acceleration,39,1607823340
Temp,40,1607823350
Heart,89,1607823350
Acceleration,11,1607823350
Temp,28,1607823360
Heart,64,1607823360
Acceleration,43,1607823360
Temp,39,1607823370
Heart,81,1607823370
Acceleration,37,1607823370
Temp,33,1607823380
Heart,70,1607823380
Acceleration,35,1607823380
Temp,40,1607823390
Heart,67,1607823390
Acceleration,50,1607823390
Temp,28,1607823400
Heart,93,1607823400
Acceleration,44,1607823400
Temp,26,1607823410
Heart,74,1607823410
Acceleration,25,1607823410
Temp,33,1607823420
Heart,65,1607823420
Acceleration,20,1607823420
Temp,26,1607823430
Heart,61,1607823430
Acceleration,48,1607823430
Temp,30,1607823440
Heart,86,1607823440
Acceleration,36,1607823440
Temp,29,1607823450
Heart,82,1607823450
Acceleration,43,1607823450
Temp,25,1607823460
Heart,80,1607823460
Acceleration,32,1607823460
Temp,26,1607823470
Heart,89,1607823470
Acceleration,42,1607823470
Temp,41,1607823480
Heart,98,1607823480
Acceleration,52,1607823480
Temp,33,1607823490
Heart,82,1607823490
Acceleration,49,1607823490
Temp,39,1607823500
Heart,101,1607823500
Acceleration,11,1607823500
Temp,28,1607823510
Heart,89,1607823510
Acceleration,11,1607823510
Temp,40,1607823520
Heart,83,1607823520
Acceleration,22,1607823520
Temp,37,1607823530
Heart,78,1607823530
Acceleration,48,1607823530
Temp,26,1607823540
Heart,78,1607823540
Acceleration,36,1607823540
Temp,31,1607823550
Heart,68,1607823550
Acceleration,55,1607823550
Temp,39,1607823560
Heart,98,1607823560
Acceleration,13,1607823560
Temp,34,1607823570
Heart,70,1607823570
Acceleration,11,1607823570
Temp,33,1607823580
Heart,70,1607823580
Acceleration,22,1607823580
Temp,36,1607823590
Heart,96,1607823590
Acceleration,46,1607823590
Temp,32,1607823600
Heart,94,1607823600
Acceleration,53,1607823600
Temp,33,1607823610
Heart,62,1607823610
Acceleration,59,1607823610
Temp,39,1607823620
Heart,81,1607823620
Acceleration,46,1607823620
Temp,38,1607823630
Heart,74,1607823630
Acceleration,57,1607823630
Temp,30,1607823640
Heart,66,1607823640
Acceleration,31,1607823640
Temp,30,1607823650
Heart,99,1607823650
Acceleration,54,1607823650
Temp,29,1607823660
Heart,67,1607823660
Acceleration,28,1607823660
Temp,26,1607823670
Heart,83,1607823670
Acceleration,51,1607823670
Temp,32,1607823680
Heart,68,1607823680
Acceleration,18,1607823680
Temp,27,1607823690
Heart,63,1607823690
Acceleration,33,1607823690
Temp,36,1607823700
Heart,98,1607823700
Acceleration,47,1607823700
Temp,37,1607823710
Heart,95,1607823710
Acceleration,49,1607823710
Temp,33,1607823720
Heart,66,1607823720
Acceleration,53,1607823720
Temp,32,1607823730
Heart,87,1607823730
Acceleration,45,1607823730
Temp,27,1607823740
Heart,88,1607823740
Acceleration,10,1607823740
Temp,40,1607823750
Heart,69,1607823750
Acceleration,33,1607823750
Temp,28,1607823760
Heart,87,1607823760
Acceleration,56,1607823760
Temp,29,1607823770
Heart,69,1607823770
Acceleration,50,1607823770
Temp,37,1607823780
Heart,85,1607823780
Acceleration,18,1607823780
Temp,29,1607823790
Heart,87,1607823790
Acceleration,21,1607823790
Temp,31,1607823800
Heart,65,1607823800
Acceleration,13,1607823800
Temp,40,1607823810
Heart,86,1607823810
Acceleration,14,1607823810
Temp,38,1607823820
Heart,80,1607823820
Acceleration,32,1607823820
Temp,37,1607823830
Heart,70,1607823830
Acceleration,18,1607823830
Temp,33,1607823840
Heart,93,1607823840
Acceleration,50,1607823840
Temp,37,1607823850
Heart,93,1607823850
Acceleration,60,1607823850
Temp,39,1607823860
Heart,68,1607823860
Acceleration,26,1607823860
Temp,28,1607823870
Heart,73,1607823870
Acceleration,60,1607823870
Temp,26,1607823880
Heart,86,1607823880
Acceleration,12,1607823880
Temp,40,1607823890
Heart,90,1607823890
Acceleration,19,1607823890
Temp,28,1607823900
Heart,70,1607823900
Acceleration,53,1607823900
Temp,33,1607823910
Heart,81,1607823910
Acceleration,29,1607823910
Temp,37,1607823920
Heart,81,1607823920
Acceleration,11,1607823920
Temp,35,1607823930
Heart,84,1607823930
Acceleration,15,1607823930
Temp,30,1607823940
Heart,91,1607823940
Acceleration,32,1607823940
Temp,40,1607823950
Heart,98,1607823950
Acceleration,38,1607823950
Temp,35,1607823960
Heart,85,1607823960
Acceleration,59,1607823960
Temp,29,1607823970
Heart,64,1607823970
Acceleration,24,1607823970
Temp,33,1607823980
Heart,90,1607823980
Acceleration,47,1607823980
Temp,37,1607823990
Heart,90,1607823990
Acceleration,23,1607823990
Temp,39,1607824000
Heart,63,1607824000
Acceleration,21,1607824000
Temp,27,1607824010
Heart,83,1607824010
Acceleration,46,1607824010
Temp,27,1607824020
Heart,97,1607824020
Acceleration,52,1607824020
Temp,38,1607824030
Heart,63,1607824030
Acceleration,12,1607824030
Temp,32,1607824040
Heart,74,1607824040
Acceleration,41,1607824040
Temp,32,1607824050
Heart,99,1607824050
Acceleration,43,1607824050
Temp,30,1607824060
Heart,100,1607824060
Acceleration,44,1607824060
Temp,38,1607824070
Heart,91,1607824070
Acceleration,18,1607824070
Temp,34,1607824080
Heart,97,1607824080
Acceleration,57,1607824080
Temp,28,1607824090
Heart,80,1607824090
Acceleration,26,1607824090
Temp,29,1607824100
Heart,61,1607824100
Acceleration,19,1607824100
Temp,27,1607824110
Heart,91,1607824110
Acceleration,55,1607824110
Temp,30,1607824120
Heart,86,1607824120
Acceleration,53,1607824120
Temp,40,1607824130
Heart,84,1607824130
Acceleration,41,1607824130
Temp,29,1607824140
Heart,84,1607824140
Acceleration,21,1607824140
Temp,31,1607824150
Heart,77,1607824150
Acceleration,54,1607824150
Temp,39,1607824160
Heart,63,1607824160
Acceleration,51,1607824160
Temp,36,1607824170
Heart,63,1607824170
Acceleration,14,1607824170
Temp,33,1607824180
Heart,86,1607824180
Acceleration,34,1607824180
Temp,26,1607824190
Heart,62,1607824190
Acceleration,10,1607824190
Temp,29,1607824200
Heart,91,1607824200
Acceleration,37,1607824200
Temp,39,1607824210
Heart,78,1607824210
Acceleration,24,1607824210
Temp,30,1607824220
Heart,88,1607824220
Acceleration,41,1607824220
Temp,41,1607824230
Heart,66,1607824230
Acceleration,28,1607824230
Temp,41,1607824240
Heart,88,1607824240
Acceleration,53,1607824240
Temp,27,1607824250
Heart,82,1607824250
Acceleration,34,1607824250
Temp,35,1607824260
Heart,100,1607824260
Acceleration,43,1607824260
Temp,29,1607824270
Heart,81,1607824270
Acceleration,53,1607824270
Temp,35,1607824280
Heart,89,1607824280
Acceleration,25,1607824280
Temp,33,1607824290
Heart,79,1607824290
Acceleration,16,1607824290
Temp,39,1607824300
Heart,81,1607824300
Acceleration,38,1607824300
Temp,29,1607824310
Heart,67,1607824310
Acceleration,50,1607824310
Temp,31,1607824320
Heart,92,1607824320
Acceleration,21,1607824320
Temp,34,1607824330
Heart,61,1607824330
Acceleration,49,1607824330
Temp,36,1607824340
Heart,80,1607824340
Acceleration,31,1607824340
Temp,36,1607824350
Heart,94,1607824350
Acceleration,23,1607824350
Temp,32,1607824360
Heart,87,1607824360
Acceleration,22,1607824360
Temp,30,1607824370
Heart,67,1607824370
Acceleration,40,1607824370
Temp,37,1607824380
Heart,73,1607824380
Acceleration,30,1607824380
Temp,35,1607824390
Heart,77,1607824390
Acceleration,50,1607824390
Temp,25,1607824400
Heart,98,1607824400
Acceleration,16,1607824400
Temp,32,1607824410
Heart,61,1607824410
Acceleration,21,1607824410
Temp,34,1607824420
Heart,78,1607824420
Acceleration,45,1607824420
Temp,34,1607824430
Heart,88,1607824430
Acceleration,57,1607824430
Temp,27,1607824440
Heart,77,1607824440
Acceleration,43,1607824440
Temp,33,1607824450
Heart,98,1607824450
Acceleration,22,1607824450
Temp,33,1607824460
Heart,76,1607824460
Acceleration,14,1607824460
Temp,39,1607824470
Heart,83,1607824470
Acceleration,14,1607824470
Temp,36,1607824480
Heart,100,1607824480
Acceleration,42,1607824480
Temp,39,1607824490
Heart,73,1607824490
Acceleration,30,1607824490
Temp,28,1607824500
Heart,72,1607824500
Acceleration,57,1607824500
Temp,39,1607824510
Heart,77,1607824510
Acceleration,24,1607824510
Temp,34,1607824520
Heart,97,1607824520
Acceleration,48,1607824520
Temp,33,1607824530
Heart,94,1607824530
Acceleration,13,1607824530
Temp,33,1607824540
Heart,69,1607824540
Acceleration,52,1607824540
Temp,41,1607824550
Heart,83,1607824550
Acceleration,18,1607824550
Temp,36,1607824560
Heart,86,1607824560
Acceleration,12,1607824560
Temp,25,1607824570
Heart,85,1607824570
Acceleration,37,1607824570
Temp,25,1607824580
Heart,80,1607824580
Acceleration,19,1607824580
Temp,37,1607824590
Heart,76,1607824590
Acceleration,20,1607824590
Temp,29,1607824600
Heart,64,1607824600
Acceleration,48,1607824600
Temp,38,1607824610
Heart,85,1607824610
Acceleration,34,1607824610
Temp,41,1607824620
Heart,70,1607824620
Acceleration,45,1607824620
Temp,30,1607824630
Heart,90,1607824630
Acceleration,24,1607824630
Temp,27,1607824640
Heart,91,1607824640
Acceleration,21,1607824640
Temp,35,1607824650
Heart,87,1607824650
Acceleration,35,1607824650
Temp,40,1607824660
Heart,87,1607824660
Acceleration,18,1607824660
Temp,38,1607824670
Heart,73,1607824670
Acceleration,41,1607824670
Temp,37,1607824680
Heart,73,1607824680
Acceleration,49,1607824680
Temp,31,1607824690
Heart,83,1607824690
Acceleration,20,1607824690
Temp,33,1607824700
Heart,89,1607824700
Acceleration,52,1607824700
Temp,36,1607824710
Heart,85,1607824710
Acceleration,23,1607824710
Temp,30,1607824720
Heart,90,1607824720
Acceleration,13,1607824720
Temp,39,1607824730
Heart,71,1607824730
Acceleration,33,1607824730
Temp,34,1607824740
Heart,94,1607824740
Acceleration,25,1607824740
Temp,38,1607824750
Heart,62,1607824750
Acceleration,47,1607824750
Temp,29,1607824760
Heart,67,1607824760
Acceleration,19,1607824760
Temp,34,1607824770
Heart,79,1607824770
Acceleration,57,1607824770
Temp,36,1607824780
Heart,91,1607824780
Acceleration,32,1607824780
Temp,29,1607824790
Heart,80,1607824790
Acceleration,16,1607824790
Temp,34,1607824800
Heart,79,1607824800
Acceleration,15,1607824800
Temp,30,1607824810
Heart,66,1607824810
Acceleration,33,1607824810
Temp,33,1607824820
Heart,98,1607824820
Acceleration,31,1607824820
Temp,30,1607824830
Heart,85,1607824830
Acceleration,44,1607824830
Temp,32,1607824840
Heart,66,1607824840
Acceleration,60,1607824840
Temp,36,1607824850
Heart,89,1607824850
Acceleration,29,1607824850
Temp,33,1607824860
Heart,74,1607824860
Acceleration,55,1607824860
Temp,37,1607824870
Heart,90,1607824870
Acceleration,55,1607824870
Temp,40,1607824880
Heart,66,1607824880
Acceleration,24,1607824880
Temp,36,1607824890
Heart,92,1607824890
Acceleration,46,1607824890
Temp,37,1607824900
Heart,62,1607824900
Acceleration,41,1607824900
Temp,34,1607824910
Heart,83,1607824910
Acceleration,14,1607824910
Temp,37,1607824920
Heart,68,1607824920
Acceleration,31,1607824920
Temp,30,1607824930
Heart,66,1607824930
Acceleration,11,1607824930
Temp,34,1607824940
Heart,76,1607824940
Acceleration,14,1607824940
Temp,36,1607824950
Heart,81,1607824950
Acceleration,59,1607824950
Temp,41,1607824960
Heart,88,1607824960
Acceleration,36,1607824960
Temp,27,1607824970
Heart,86,1607824970
Acceleration,24,1607824970
Temp,30,1607824980
Heart,98,1607824980
Acceleration,21,1607824980
Temp,25,1607824990
Heart,90,1607824990
Acceleration,15,1607824990
Temp,36,1607825000
Heart,94,1607825000
Acceleration,60,1607825000
Temp,32,1607825010
Heart,74,1607825010
Acceleration,40,1607825010
Temp,39,1607825020
Heart,62,1607825020
Acceleration,42,1607825020
Temp,36,1607825030
Heart,92,1607825030
Acceleration,14,1607825030
Temp,28,1607825040
Heart,94,1607825040
Acceleration,58,1607825040
Temp,32,1607825050
Heart,78,1607825050
Acceleration,35,1607825050
Temp,34,1607825060
Heart,87,1607825060
Acceleration,29,1607825060
Temp,28,1607825070
Heart,86,1607825070
Acceleration,39,1607825070
Temp,36,1607825080
Heart,83,1607825080
Acceleration,50,1607825080
Temp,39,1607825090
Heart,99,1607825090
Acceleration,45,1607825090
Temp,25,1607825100
Heart,63,1607825100
Acceleration,14,1607825100
Temp,26,1607825110
Heart,60,1607825110
Acceleration,13,1607825110
Temp,40,1607825120
Heart,95,1607825120
Acceleration,22,1607825120
Temp,29,1607825130
Heart,76,1607825130
Acceleration,11,1607825130
Temp,38,1607825140
Heart,82,1607825140
Acceleration,14,1607825140
Temp,35,1607825150
Heart,91,1607825150
Acceleration,56,1607825150
Temp,26,1607825160
Heart,80,1607825160
Acceleration,31,1607825160
Temp,34,1607825170
Heart,93,1607825170
Acceleration,26,1607825170
Temp,33,1607825180
Heart,78,1607825180
Acceleration,18,1607825180
Temp,29,1607825190
Heart,69,1607825190
Acceleration,49,1607825190
Temp,25,1607825200
Heart,97,1607825200
Acceleration,60,1607825200
Temp,36,1607825210
Heart,63,1607825210
Acceleration,16,1607825210
Temp,32,1607825220
Heart,73,1607825220
Acceleration,32,1607825220
Temp,26,1607825230
Heart,63,1607825230
Acceleration,47,1607825230
Temp,36,1607825240
Heart,86,1607825240
Acceleration,28,1607825240
Temp,33,1607825250
Heart,97,1607825250
Acceleration,19,1607825250
Temp,37,1607825260
Heart,97,1607825260
Acceleration,27,1607825260
Temp,26,1607825270
Heart,100,1607825270
Acceleration,38,1607825270
Temp,28,1607825280
Heart,89,1607825280
Acceleration,29,1607825280
Temp,32,1607825290
Heart,101,1607825290
Acceleration,16,1607825290
Temp,31,1607825300
Heart,80,1607825300
Acceleration,57,1607825300
Temp,29,1607825310
Heart,81,1607825310
Acceleration,16,1607825310
Temp,29,1607825320
Heart,93,1607825320
Acceleration,49,1607825320
Temp,27,1607825330
Heart,75,1607825330
Acceleration,59,1607825330
Temp,30,1607825340
Heart,91,1607825340
Acceleration,57,1607825340
Temp,30,1607825350
Heart,63,1607825350
Acceleration,43,1607825350
Temp,27,1607825360
Heart,67,1607825360
Acceleration,44,1607825360
Temp,28,1607825370
Heart,63,1607825370
Acceleration,34,1607825370
Temp,27,1607825380
Heart,87,1607825380
Acceleration,53,1607825380
Temp,28,1607825390
Heart,64,1607825390
Acceleration,33,1607825390
Temp,29,1607825400
Heart,94,1607825400
Acceleration,21,1607825400
Temp,33,1607825410
Heart,95,1607825410
Acceleration,57,1607825410
Temp,30,1607825420
Heart,64,1607825420
Acceleration,28,1607825420
Temp,32,1607825430
Heart,93,1607825430
Acceleration,21,1607825430
Temp,31,1607825440
Heart,101,1607825440
Acceleration,28,1607825440
Temp,26,1607825450
Heart,92,1607825450
Acceleration,22,1607825450
Temp,25,1607825460
Heart,89,1607825460
Acceleration,58,1607825460
Temp,41,1607825470
Heart,94,1607825470
Acceleration,37,1607825470
Temp,36,1607825480
Heart,81,1607825480
Acceleration,45,1607825480
Temp,26,1607825490
Heart,77,1607825490
Acceleration,30,1607825490
Temp,41,1607825500
Heart,96,1607825500
Acceleration,52,1607825500
Temp,26,1607825510
Heart,97,1607825510
Acceleration,28,1607825510
Temp,34,1607825520
Heart,71,1607825520
Acceleration,49,1607825520
Temp,35,1607825530
Heart,94,1607825530
Acceleration,39,1607825530
Temp,36,1607825540
Heart,64,1607825540
Acceleration,23,1607825540
Temp,35,1607825550
Heart,64,1607825550
Acceleration,37,1607825550
Temp,34,1607825560
Heart,91,1607825560
Acceleration,56,1607825560
Temp,27,1607825570
Heart,88,1607825570
Acceleration,51,1607825570
Temp,25,1607825580
Heart,84,1607825580
Acceleration,18,1607825580
Temp,34,1607825590
Heart,94,1607825590
Acceleration,16,1607825590
Temp,29,1607825600
Heart,97,1607825600
Acceleration,17,1607825600
Temp,32,1607825610
Heart,61,1607825610
Acceleration,48,1607825610
Temp,30,1607825620
Heart,87,1607825620
Acceleration,25,1607825620
Temp,38,1607825630
Heart,60,1607825630
Acceleration,58,1607825630
Temp,31,1607825640
Heart,62,1607825640
Acceleration,15,1607825640
Temp,32,1607825650
Heart,62,1607825650
Acceleration,20,1607825650
Temp,33,1607825660
Heart,80,1607825660
Acceleration,44,1607825660
Temp,30,1607825670
Heart,99,1607825670
Acceleration,34,1607825670
Temp,41,1607825680
Heart,68,1607825680
Acceleration,10,1607825680
Temp,29,1607825690
Heart,75,1607825690
Acceleration,37,1607825690
Temp,40,1607825700
Heart,70,1607825700
Acceleration,42,1607825700
Temp,27,1607825710
Heart,77,1607825710
Acceleration,17,1607825710
Temp,40,1607825720
Heart,99,1607825720
Acceleration,11,1607825720
Temp,30,1607825730
Heart,83,1607825730
Acceleration,44,1607825730
Temp,26,1607825740
Heart,82,1607825740
Acceleration,11,1607825740
Temp,39,1607825750
Heart,89,1607825750
Acceleration,16,1607825750
Temp,33,1607825760
Heart,64,1607825760
Acceleration,50,1607825760
Temp,25,1607825770
Heart,90,1607825770
Acceleration,34,1607825770
Temp,36,1607825781
Heart,97,1607825781
Acceleration,11,1607825781
Temp,29,1607825791
Heart,74,1607825791
Acceleration,30,1607825791
Temp,38,1607825801
Heart,80,1607825801
Acceleration,24,1607825801
Temp,38,1607825811
Heart,74,1607825811
Acceleration,46,1607825811
Temp,26,1607825821
Heart,96,1607825821
Acceleration,61,1607825821
Temp,40,1607825831
Heart,92,1607825831
Acceleration,11,1607825831
Temp,26,1607825841
Heart,80,1607825841
Acceleration,54,1607825841
Temp,26,1607825851
Heart,74,1607825851
Acceleration,22,1607825851
Temp,41,1607825861
Heart,65,1607825861
Acceleration,18,1607825861
Temp,30,1607825871
Heart,67,1607825871
Acceleration,33,1607825871
Temp,34,1607825881
Heart,73,1607825881
Acceleration,26,1607825881
Temp,40,1607825891
Heart,82,1607825891
Acceleration,11,1607825891
Temp,29,1607825901
Heart,61,1607825901
Acceleration,55,1607825901
Temp,34,1607825911
Heart,75,1607825911
Acceleration,16,1607825911
Temp,37,1607825921
Heart,72,1607825921
Acceleration,34,1607825921
Temp,30,1607825931
Heart,84,1607825931
Acceleration,25,1607825931
Temp,38,1607825941
Heart,70,1607825941
Acceleration,42,1607825941
Temp,38,1607825951
Heart,73,1607825951
Acceleration,37,1607825951
Temp,25,1607825961
Heart,66,1607825961
Acceleration,29,1607825961
Temp,38,1607825971
Heart,89,1607825971
Acceleration,24,1607825971
Temp,41,1607825981
Heart,95,1607825981
Acceleration,17,1607825981
Temp,36,1607825991
Heart,60,1607825991
Acceleration,21,1607825991
Temp,32,1607826001
Heart,95,1607826001
Acceleration,51,1607826001
Temp,27,1607826011
Heart,89,1607826011
Acceleration,49,1607826011
Temp,34,1607826021
Heart,71,1607826021
Acceleration,23,1607826021
Temp,32,1607826031
Heart,82,1607826031
Acceleration,46,1607826031
Temp,28,1607826041
Heart,63,1607826041
Acceleration,18,1607826041
Temp,27,1607826051
Heart,74,1607826051
Acceleration,34,1607826051
Temp,40,1607826061
Heart,87,1607826061
Acceleration,42,1607826061
Temp,40,1607826071
Heart,79,1607826071
Acceleration,32,1607826071
Temp,38,1607826081
Heart,73,1607826081
Acceleration,21,1607826081
Temp,37,1607826091
Heart,100,1607826091
Acceleration,61,1607826091
Temp,34,1607826101
Heart,83,1607826101
Acceleration,23,1607826101
Temp,28,1607826111
Heart,87,1607826111
Acceleration,52,1607826111
Temp,31,1607826121
Heart,86,1607826121
Acceleration,29,1607826121
Temp,28,1607826131
Heart,80,1607826131
Acceleration,41,1607826131
Temp,32,1607826141
Heart,78,1607826141
Acceleration,44,1607826141
Temp,27,1607826151
Heart,86,1607826151
Acceleration,28,1607826151
Temp,30,1607826161
Heart,80,1607826161
Acceleration,58,1607826161
Temp,32,1607826171
Heart,62,1607826171
Acceleration,21,1607826171
Temp,37,1607826181
Heart,94,1607826181
Acceleration,31,1607826181
Temp,26,1607826191
Heart,99,1607826191
Acceleration,42,1607826191
Temp,33,1607826201
Heart,73,1607826201
Acceleration,24,1607826201
Temp,36,1607826211
Heart,94,1607826211
Acceleration,18,1607826211
Temp,25,1607826221
Heart,82,1607826221
Acceleration,33,1607826221
Temp,34,1607826231
Heart,61,1607826231
Acceleration,25,1607826231
Temp,39,1607826241
Heart,100,1607826241
Acceleration,49,1607826241
Temp,40,1607826251
Heart,88,1607826251
Acceleration,47,1607826251
Temp,37,1607826261
Heart,70,1607826261
Acceleration,31,1607826261
Temp,31,1607826271
Heart,82,1607826271
Acceleration,34,1607826271
Temp,31,1607826281
Heart,79,1607826281
Acceleration,18,1607826281
Temp,38,1607826291
Heart,68,1607826291
Acceleration,12,1607826291
Temp,25,1607826301
Heart,67,1607826301
Acceleration,29,1607826301
Temp,39,1607826311
Heart,101,1607826311
Acceleration,50,1607826311
Temp,28,1607826321
Heart,99,1607826321
Acceleration,34,1607826321
Temp,41,1607826331
Heart,96,1607826331
Acceleration,35,1607826331
Temp,31,1607826341
Heart,91,1607826341
Acceleration,26,1607826341
Temp,29,1607826351
Heart,78,1607826351
Acceleration,15,1607826351
Temp,28,1607826361
Heart,92,1607826361
Acceleration,56,1607826361
Temp,34,1607826371
Heart,90,1607826371
Acceleration,48,1607826371
Temp,29,1607826381
Heart,99,1607826381
Acceleration,36,1607826381
Temp,34,1607826391
Heart,94,1607826391
Acceleration,41,1607826391
Temp,29,1607826401
Heart,71,1607826401
Acceleration,21,1607826401
Temp,30,1607826411
Heart,61,1607826411
Acceleration,54,1607826411
Temp,32,1607826421
Heart,61,1607826421
Acceleration,53,1607826421
Temp,27,1607826431
Heart,72,1607826431
Acceleration,31,1607826431
Temp,35,1607826441
Heart,78,1607826441
Acceleration,31,1607826441
Temp,37,1607826451
Heart,82,1607826451
Acceleration,17,1607826451
Temp,29,1607826461
Heart,97,1607826461
Acceleration,40,1607826461
Temp,36,1607826471
Heart,82,1607826471
Acceleration,29,1607826471
Temp,29,1607826481
Heart,101,1607826481
Acceleration,25,1607826481
Temp,31,1607826491
Heart,82,1607826491
Acceleration,52,1607826491
Temp,39,1607826501
Heart,86,1607826501
Acceleration,50,1607826501
Temp,34,1607826511
Heart,68,1607826511
Acceleration,23,1607826511
Temp,30,1607826521
Heart,71,1607826521
Acceleration,19,1607826521
Temp,36,1607826531
Heart,61,1607826531
Acceleration,45,1607826531
Temp,38,1607826541
Heart,98,1607826541
Acceleration,34,1607826541
Temp,30,1607826551
Heart,86,1607826551
Acceleration,51,1607826551
Temp,38,1607826561
Heart,94,1607826561
Acceleration,38,1607826561
Temp,39,1607826571
Heart,79,1607826571
Acceleration,12,1607826571
Temp,36,1607826581
Heart,68,1607826581
Acceleration,30,1607826581
Temp,36,1607826591
Heart,94,1607826591
Acceleration,13,1607826591
Temp,38,1607826601
Heart,66,1607826601
Acceleration,33,1607826601
Temp,27,1607826611
Heart,91,1607826611
Acceleration,53,1607826611
Temp,27,1607826621
Heart,98,1607826621
Acceleration,49,1607826621
Temp,28,1607826631
Heart,94,1607826631
Acceleration,37,1607826631
Temp,34,1607826641
Heart,100,1607826641
Acceleration,18,1607826641
Temp,30,1607826651
Heart,64,1607826651
Acceleration,12,1607826651
Temp,38,1607826661
Heart,91,1607826661
Acceleration,45,1607826661
Temp,32,1607826671
Heart,86,1607826671
Acceleration,27,1607826671
Temp,31,1607826681
Heart,84,1607826681
Acceleration,44,1607826681
Temp,31,1607826691
Heart,98,1607826691
Acceleration,40,1607826691
Temp,38,1607826701
Heart,73,1607826701
Acceleration,19,1607826701
Temp,33,1607826711
Heart,77,1607826711
Acceleration,61,1607826711
Temp,38,1607826721
Heart,73,1607826721
Acceleration,52,1607826721
Temp,32,1607826731
Heart,92,1607826731
Acceleration,24,1607826731
Temp,32,1607826741
Heart,85,1607826741
Acceleration,56,1607826741
Temp,34,1607826751
Heart,98,1607826751
Acceleration,38,1607826751
Temp,25,1607826761
Heart,86,1607826761
Acceleration,46,1607826761
Temp,37,1607826771
Heart,61,1607826771
Acceleration,30,1607826771
Temp,36,1607826781
Heart,77,1607826781
Acceleration,26,1607826781
Temp,40,1607826791
Heart,71,1607826791
Acceleration,24,1607826791
Temp,27,1607826801
Heart,78,1607826801
Acceleration,35,1607826801
Temp,34,1607826811
Heart,86,1607826811
Acceleration,48,1607826811
Temp,41,1607826821
Heart,93,1607826821
Acceleration,11,1607826821
Temp,27,1607826831
Heart,90,1607826831
Acceleration,40,1607826831
Temp,28,1607826841
Heart,72,1607826841
Acceleration,15,1607826841
Temp,36,1607826851
Heart,100,1607826851
Acceleration,34,1607826851
Temp,34,1607826861
Heart,63,1607826861
Acceleration,60,1607826861
Temp,37,1607826871
Heart,75,1607826871
Acceleration,49,1607826871
Temp,37,1607826881
Heart,70,1607826881
Acceleration,41,1607826881
Temp,36,1607826891
Heart,67,1607826891
Acceleration,44,1607826891
Temp,32,1607826901
Heart,94,1607826901
Acceleration,41,1607826901
Temp,27,1607826911
Heart,83,1607826911
Acceleration,35,1607826911
Temp,38,1607826921
Heart,61,1607826921
Acceleration,16,1607826921
Temp,36,1607826931
Heart,62,1607826931
Acceleration,46,1607826931
Temp,39,1607826941
Heart,67,1607826941
Acceleration,50,1607826941
Temp,41,1607826951
Heart,91,1607826951
Acceleration,46,1607826951
Temp,40,1607826961
Heart,67,1607826961
Acceleration,12,1607826961
Temp,40,1607826971
Heart,72,1607826971
Acceleration,26,1607826971
Temp,37,1607826981
Heart,75,1607826981
Acceleration,18,1607826981
Temp,31,1607826991
Heart,89,1607826991
Acceleration,11,1607826991
Temp,32,1607827001
Heart,60,1607827001
Acceleration,47,1607827001
Temp,26,1607827011
Heart,77,1607827011
Acceleration,48,1607827011
Temp,26,1607827021
Heart,70,1607827021
Acceleration,14,1607827021
Temp,29,1607827031
Heart,78,1607827031
Acceleration,46,1607827031
Temp,32,1607827041
Heart,71,1607827041
Acceleration,41,1607827041
Temp,35,1607827051
Heart,86,1607827051
Acceleration,25,1607827051
Temp,34,1607827061
Heart,72,1607827061
Acceleration,31,1607827061
Temp,41,1607827071
Heart,92,1607827071
Acceleration,40,1607827071
Temp,27,1607827081
Heart,85,1607827081
Acceleration,38,1607827081
Temp,41,1607827091
Heart,79,1607827091
Acceleration,30,1607827091
Temp,31,1607827101
Heart,61,1607827101
Acceleration,12,1607827101
Temp,38,1607827111
Heart,86,1607827111
Acceleration,49,1607827111
Temp,39,1607827121
Heart,69,1607827121
Acceleration,14,1607827121
Temp,41,1607827131
Heart,85,1607827131
Acceleration,60,1607827131
Temp,29,1607827141
Heart,84,1607827141
Acceleration,37,1607827141
Temp,38,1607827151
Heart,98,1607827151
Acceleration,29,1607827151
Temp,38,1607827161
Heart,72,1607827161
Acceleration,28,1607827161
Temp,31,1607827171
Heart,96,1607827171
Acceleration,22,1607827171
Temp,30,1607827181
Heart,69,1607827181
Acceleration,40,1607827181
Temp,31,1607827191
Heart,99,1607827191
Acceleration,48,1607827191
Temp,32,1607827201
Heart,94,1607827201
Acceleration,19,1607827201
Temp,32,1607827211
Heart,86,1607827211
Acceleration,61,1607827211
Temp,26,1607827221
Heart,90,1607827221
Acceleration,35,1607827221
Temp,29,1607827231
Heart,70,1607827231
Acceleration,53,1607827231
Temp,37,1607827241
Heart,85,1607827241
Acceleration,54,1607827241
Temp,34,1607827251
Heart,60,1607827251
Acceleration,34,1607827251
Temp,34,1607827261
Heart,80,1607827261
Acceleration,27,1607827261
Temp,26,1607827271
Heart,84,1607827271
Acceleration,20,1607827271
Temp,40,1607827281
Heart,68,1607827281
Acceleration,47,1607827281
Temp,36,1607827291
Heart,91,1607827291
Acceleration,48,1607827291
Temp,37,1607827301
Heart,94,1607827301
Acceleration,20,1607827301
Temp,37,1607827311
Heart,74,1607827311
Acceleration,61,1607827311
